4483;-26,9;-48,66;ITAJAI - SC;ITAJAI;SC;813227,678056942
4484;-27,09;-48,61;ITAPEMA - SC;ITAPEMA;SC;110782,3437577
4485;-27,16;-53,71;ITAPIRANGA - SC;ITAPIRANGA;SC;90486,157714598
4486;-26,11;-48,61;ITAPOA - SC;ITAPOA;SC;35909,6925459939
4487;-27,41;-49,6;ITUPORANGA - SC;ITUPORANGA;SC;122727,398222833
4488;-27,17;-51,73;JABORA - SC;JABORA;SC;26322,8578671947
4489;-28,99;-49,76;JACINTO MACHADO - SC;JACINTO MACHADO;SC;73004,4346646219
4490;-28,61;-49,02;JAGUARUNA - SC;JAGUARUNA;SC;87856,9856197471
4491;-26,48;-49,06;JARAGUA DO SUL - SC;JARAGUA DO SUL;SC;647209,730624759
4492;-26,72;-52,86;JARDINOPOLIS - SC;JARDINOPOLIS;SC;13204,2979550034
4493;-27,17;-51,5;JOACABA - SC;JOACABA;SC;142479,66523029
4494;-26,3;-48,84;JOINVILLE - SC;JOINVILLE;SC;397951
4495;-26,95;-49,62;JOSE BOITEUX - SC;JOSE BOITEUX;SC;29984,7493000419
4496;-26,39;-52,72;JUPIA - SC;JUPIA;SC;15141,4435948389
4497;-27,26;-51,55;LACERDOPOLIS - SC;LACERDOPOLIS;SC;13184,3897646669
4498;-27,81;-50,32;LAGES - SC;LAGES;SC;868267,609341143
4499;-28,48;-48,78;LAGUNA - SC;LAGUNA;SC;269561,85120674
4500;-26,85;-52,56;LAJEADO GRANDE - SC;LAJEADO GRANDE;SC;9350,8699620784
4501;-27,21;-49,73;LAURENTINO - SC;LAURENTINO;SC;28692,7942156371
4502;-28,39;-49,39;LAURO MULLER - SC;LAURO MULLER;SC;82539,4728847495
4503;-26,92;-50,69;LEBON REGIS - SC;LEBON REGIS;SC;78699,9836868085
4504;-27,5;-49,28;LEOBERTO LEAL - SC;LEOBERTO LEAL;SC;25726,2852173916
4505;-27,05;-52,06;LINDOIA DO SUL - SC;LINDOIA DO SUL;SC;34023,9387347958
4506;-27,16;-49,54;LONTRAS - SC;LONTRAS;SC;54274,9611834315
4507;-26,72;-48,93;LUIZ ALVES - SC;LUIZ ALVES;SC;45856,7832218472
4508;-27,13;-51,46;LUZERNA - SC;LUZERNA;SC;36693,8441603704
4509;-26,85;-51,37;MACIEIRA - SC;MACIEIRA;SC;11521,3391042783
4510;-26,11;-49,8;MAFRA - SC;MAFRA;SC;316257,22470191
4511;-27,41;-48,95;MAJOR GERCINO - SC;MAJOR GERCINO;SC;24720,1626792207
4512;-26,36;-50,32;MAJOR VIEIRA - SC;MAJOR VIEIRA;SC;44656,8383123696
4513;-28,84;-49,45;MARACAJA - SC;MARACAJA;SC;34122,8318237987
4514;-26,76;-53,17;MARAVILHA - SC;MARAVILHA;SC;115198,832474834
4515;-26,8;-52,62;MAREMA - SC;MAREMA;SC;18196,0641558804
4516;-26,61;-49;MASSARANDUBA - SC;MASSARANDUBA;SC;72218,8500055697
4517;-26,47;-51,14;MATOS COSTA - SC;MATOS COSTA;SC;20738,3918851823
4518;-28,82;-49,63;MELEIRO - SC;MELEIRO;SC;43099,0215056339
4519;-27,19;-50,07;MIRIM DOCE - SC;MIRIM DOCE;SC;17123,3668663663
4520;-26,77;-53,05;MODELO - SC;MODELO;SC;27171,7514682768
4521;-27,1;-53,4;MONDAI - SC;MONDAI;SC;64218,9402440143
4522;-27,22;-50,98;MONTE CARLO - SC;MONTE CARLO;SC;47974,2159966605
4523;-26,46;-50,23;MONTE CASTELO - SC;MONTE CASTELO;SC;52476,6902063267
4524;-28,65;-49,21;MORRO DA FUMACA - SC;MORRO DA FUMACA;SC;82980,6111721337
4525;-28,8;-49,72;MORRO GRANDE - SC;MORRO GRANDE;SC;17544,7593237304
4526;-26,89;-48,65;NAVEGANTES - SC;NAVEGANTES;SC;201671,586533563
4527;-26,9;-52,9;NOVA ERECHIM - SC;NOVA ERECHIM;SC;20641,5006172895
4528;-26,94;-52,81;NOVA ITABERABA - SC;NOVA ITABERABA;SC;30130,5257697236
4529;-27,28;-48,93;NOVA TRENTO - SC;NOVA TRENTO;SC;56611,5924777473
4530;-28,63;-49,49;NOVA VENEZA - SC;NOVA VENEZA;SC;64568,7812718458
4531;-26,44;-52,83;NOVO HORIZONTE - SC;NOVO HORIZONTE;SC;22477,7033631538
4532;-28,35;-49,29;ORLEANS - SC;ORLEANS;SC;134835,897843864
4533;-27,48;-50,12;OTACILIO COSTA - SC;OTACILIO COSTA;SC;85235,4180610137
4534;-27,34;-51,61;OURO - SC;OURO;SC;44806,2716669159
4535;-26,69;-52,31;OURO VERDE - SC;OURO VERDE;SC;16415,1087494829
4536;-27,25;-52,49;PAIAL - SC;PAIAL;SC;13250,2096729895
4537;-27,92;-50,1;PAINEL - SC;PAINEL;SC;13624,5516293445
4538;-27,64;-48,66;PALHOCA - SC;PALHOCA;SC;503392,502099254
4539;-26,34;-53,27;PALMA SOLA - SC;PALMA SOLA;SC;54956,2369360879
4540;-27,58;-50,15;PALMEIRA - SC;PALMEIRA;SC;12564,2920444843
4541;-27,06;-53,16;PALMITOS - SC;PALMITOS;SC;107537,310508162
4542;-26,37;-50,14;PAPANDUVA - SC;PAPANDUVA;SC;106609,631512174
4543;-26,61;-53,67;PARAISO - SC;PARAISO;SC;35372,9131685187
4544;-29,31;-49,72;PASSO DE TORRES - SC;PASSO DE TORRES;SC;24933,0258491924
4545;-26,78;-52,05;PASSOS MAIA - SC;PASSOS MAIA;SC;29063,1465976677
4546;-27,96;-48,68;PAULO LOPES - SC;PAULO LOPES;SC;34050,5125096552
4547;-28,43;-49,18;PEDRAS GRANDES - SC;PEDRAS GRANDES;SC;30396,0611030888
4548;-26,76;-48,64;PENHA - SC;PENHA;SC;97953,7242139347
4549;-27,37;-51,9;PERITIBA - SC;PERITIBA;SC;20611,8683433364
4550;-27,53;-49,69;PETROLANDIA - SC;PETROLANDIA;SC;46268,0969821472
4551;-26,76;-48,67;PICARRAS - SC;PICARRAS;SC;63312,2934990267
4552;-26,84;-52,99;PINHALZINHO - SC;PINHALZINHO;SC;72440,7848592631
4553;-27,05;-51,23;PINHEIRO PRETO - SC;PINHEIRO PRETO;SC;18235,6274949905
4554;-27,42;-51,77;PIRATUBA - SC;PIRATUBA;SC;27048,1041679709
4555;-27,07;-52,86;PLANALTO ALEGRE - SC;PLANALTO ALEGRE;SC;17788,6008247441
4556;-26,74;-49,17;POMERODE - SC;POMERODE;SC;135886,540411026
4557;-27,48;-50,38;PONTE ALTA - SC;PONTE ALTA;SC;31341,8132710441
4558;-27,15;-50,46;PONTE ALTA DO NORTE - SC;PONTE ALTA DO NORTE;SC;19029,7263466411
4559;-26,87;-52,01;PONTE SERRADA - SC;PONTE SERRADA;SC;72292,4675494064
4560;-27,15;-48,55;PORTO BELO - SC;PORTO BELO;SC;48732,3976758555
4561;-26,23;-51,07;PORTO UNIAO - SC;PORTO UNIAO;SC;186904,651691637
4562;-27,25;-49,93;POUSO REDONDO - SC;POUSO REDONDO;SC;77361,9218235229
4563;-29,19;-49,95;PRAIA GRANDE - SC;PRAIA GRANDE;SC;47908,8894530785
4564;-27,22;-51,8;PRESIDENTE CASTELO BRANCO - SC;PRESIDENTE CASTELO BRANCO;SC;11611,3687408225
4565;-27,05;-49,62;PRESIDENTE GETULIO - SC;PRESIDENTE GETULIO;SC;74083,2002353479
4566;-27,27;-49,39;PRESIDENTE NEREU - SC;PRESIDENTE NEREU;SC;17034,3099853017
4567;-26,44;-53,59;PRINCESA - SC;PRINCESA;SC;16342,8098736357
4568;-26,72;-52,72;QUILOMBO - SC;QUILOMBO;SC;65095,589669963
4569;-27,67;-49,02;RANCHO QUEIMADO - SC;RANCHO QUEIMADO;SC;15994,463139473
4570;-26,89;-51,07;RIO DAS ANTAS - SC;RIO DAS ANTAS;SC;35148,7128023689
4571;-26,94;-50,14;RIO DO CAMPO - SC;RIO DO CAMPO;SC;44665,46616134
4572;-27,19;-49,79;RIO DO OESTE - SC;RIO DO OESTE;SC;42419,8032154663
4573;-27,21;-49,64;RIO DO SUL - SC;RIO DO SUL;SC;324365,248044813
4574;-26,73;-49,27;RIO DOS CEDROS - SC;RIO DOS CEDROS;SC;59112,8545137447
4575;-28,13;-49,1;RIO FORTUNA - SC;RIO FORTUNA;SC;27837,1978003412
4576;-26,25;-49,51;RIO NEGRINHO - SC;RIO NEGRINHO;SC;198617,894717907
4577;-27,86;-49,77;RIO RUFINO - SC;RIO RUFINO;SC;15846,1381224046
4578;-27,06;-53,32;RIQUEZA - SC;RIQUEZA;SC;34145,7358878453
4579;-26,92;-49,36;RODEIO - SC;RODEIO;SC;62851,9355872129
4580;-26,67;-53,31;ROMELANDIA - SC;ROMELANDIA;SC;48467,4338044365
4581;-26,98;-50;SALETE - SC;SALETE;SC;46542,4535657232
4582;-26,6;-53,05;SALTINHO - SC;SALTINHO;SC;33384,0756491028
4583;-26,9;-51,4;SALTO VELOSO - SC;SALTO VELOSO;SC;25361,644973505
4584;-28,63;-49,12;SANGAO - SC;SANGAO;SC;43106,6432197482
4585;-26,96;-50,42;SANTA CECILIA - SC;SANTA CECILIA;SC;88651,6211340955
4586;-26,93;-53,61;SANTA HELENA - SC;SANTA HELENA;SC;16693,8040661903
4587;-28,03;-49,12;SANTA ROSA DE LIMA - SC;SANTA ROSA DE LIMA;SC;11692,1551961155
4588;-29,13;-49,7;SANTA ROSA DO SUL - SC;SANTA ROSA DO SUL;SC;50310,6143892711
4589;-26,77;-50;SANTA TEREZINHA - SC;SANTA TEREZINHA;SC;52965,8670458578
4590;-26,61;-53,2;SANTA TEREZINHA DO PROGRESSO - SC;SANTA TEREZINHA DO PROGRESSO;SC;21744,5099973767
4591;-26,63;-52,68;SANTIAGO DO SUL - SC;SANTIAGO DO SUL;SC;11561,8898980211
4592;-27,68;-48,77;SANTO AMARO DA IMPERATRIZ - SC;SANTO AMARO DA IMPERATRIZ;SC;101695,13535802
4593;-26,25;-49,37;SAO BENTO DO SUL - SC;SAO BENTO DO SUL;SC;355567,706897325
4594;-26,47;-52,96;SAO BERNARDINO - SC;SAO BERNARDINO;SC;21635,9979744256
4595;-27,9;-48,92;SAO BONIFACIO - SC;SAO BONIFACIO;SC;19646,8851219657
4596;-27,07;-53;SAO CARLOS - SC;SAO CARLOS;SC;68037,8733944184
4597;-27,26;-50,44;SAO CRISTOVAO DO SUL - SC;SAO CRISTOVAO DO SUL;SC;26061,410175702
4598;-26,55;-52,53;SAO DOMINGOS - SC;SAO DOMINGOS;SC;60468,0891318089
4599;-26,24;-48,63;SAO FRANCISCO DO SUL - SC;SAO FRANCISCO DO SUL;SC;173029,172125618
4600;-27,27;-48,84;SAO JOAO BATISTA - SC;SAO JOAO BATISTA;SC;91212,4530745362
4601;-26,61;-48,76;SAO JOAO DO ITAPERIU - SC;SAO JOAO DO ITAPERIU;SC;19984,3953329403
4602;-27,09;-53,59;SAO JOAO DO OESTE - SC;SAO JOAO DO OESTE;SC;45611,1588607399
4603;-29,22;-49,81;SAO JOAO DO SUL - SC;SAO JOAO DO SUL;SC;42599,0730999122
4604;-28,29;-49,93;SAO JOAQUIM - SC;SAO JOAQUIM;SC;140739,903462883
4605;-27,61;-48,62;SAO JOSE - SC;SAO JOSE;SC;920620,376076869
4606;-26,45;-53,49;SAO JOSE DO CEDRO - SC;SAO JOSE DO CEDRO;SC;91941,7541312555
4607;-27,66;-50,58;SAO JOSE DO CERRITO - SC;SAO JOSE DO CERRITO;SC;66650,1448574962
4608;-26,35;-52,85;SAO LOURENCO DO OESTE - SC;SAO LOURENCO DO OESTE;SC;128926,760095011
4609;-28,32;-49,17;SAO LUDGERO - SC;SAO LUDGERO;SC;47455,1625432588
4610;-28,16;-48,97;SAO MARTINHO - SC;SAO MARTINHO;SC;20103,3417894038
4611;-26,69;-53,25;SAO MIGUEL DA BOA VISTA - SC;SAO MIGUEL DA BOA VISTA;SC;201476,384122555
4612;-26,72;-53,51;SAO MIGUEL D'OESTE - SC;SAO MIGUEL D'OESTE;SC;13380,8688885703
4613;-27,56;-48,8;SAO PEDRO DE ALCANTARA - SC;SAO PEDRO DE ALCANTARA;SC;21343,0643902748
4614;-26,92;-53;SAUDADES - SC;SAUDADES;SC;57034,2114846122
4615;-26,41;-49,07;SCHROEDER - SC;SCHROEDER;SC;59162,0277998084
4616;-27,14;-52,31;SEARA - SC;SEARA;SC;105045,064648977
4617;-26,72;-53,04;SERRA ALTA - SC;SERRA ALTA;SC;22417,5841025813
4618;-28,59;-49,42;SIDEROPOLIS - SC;SIDEROPOLIS;SC;66538,0224890411
4619;-29,11;-49,61;SOMBRIO - SC;SOMBRIO;SC;131203,735856126
4620;-26,73;-52,96;SUL BRASIL - SC;SUL BRASIL;SC;21575,0186861819
4621;-27,11;-49,99;TAIO - SC;TAIO;SC;101958,692737213
4622;-27,1;-51,24;TANGARA - SC;TANGARA;SC;60570,9279075441
4623;-26,68;-53,15;TIGRINHOS - SC;TIGRINHOS;SC;11692,6050070232
4624;-27,24;-48,63;TIJUCAS - SC;TIJUCAS;SC;122421,889523884
4625;-28,83;-49,84;TIMBE DO SUL - SC;TIMBE DO SUL;SC;35381,4148103552
4626;-26,82;-49,27;TIMBO - SC;TIMBO;SC;174910,559209355
4627;-26,61;-50,67;TIMBO GRANDE - SC;TIMBO GRANDE;SC;49343,6223815155
4628;-26,1;-50,32;TRES BARRAS - SC;TRES BARRAS;SC;115642,907570643
4629;-28,51;-49,45;TREVISO - SC;TREVISO;SC;18259,5734927939
4630;-28,55;-49,14;TREZE DE MAIO - SC;TREZE DE MAIO;SC;39897,8169815846
4631;-27;-51,4;TREZE TILIAS - SC;TREZE TILIAS;SC;28751,9839504938
4632;-27,29;-49,79;TROMBUDO CENTRAL - SC;TROMBUDO CENTRAL;SC;40233,4931316213
4633;-28,46;-49;TUBARAO - SC;TUBARAO;SC;547775,415477692
4634;-26,96;-53,63;TUNAPOLIS - SC;TUNAPOLIS;SC;33271,2976624177
4635;-28,92;-49,67;TURVO - SC;TURVO;SC;71437,8210719096
4636;-26,76;-52,85;UNIAO DO OESTE - SC;UNIAO DO OESTE;SC;23466,9008258003
4637;-28,01;-49,59;URUBICI - SC;URUBICI;SC;62051,239263044
4638;-27,95;-49,87;URUPEMA - SC;URUPEMA;SC;15885,6883618889
4639;-28,51;-49,32;URUSSANGA - SC;URUSSANGA;SC;116055,452724561
4640;-26,86;-52,15;VARGEAO - SC;VARGEAO;SC;23251,8949672681
4641;-27,48;-50,97;VARGEM - SC;VARGEM;SC;21024,5871610144
4642;-27;-51,74;VARGEM BONITA - SC;VARGEM BONITA;SC;33538,3255543069
4643;-27,39;-49,35;VIDAL RAMOS - SC;VIDAL RAMOS;SC;42947,8596171251
4644;-27;-51,15;VIDEIRA - SC;VIDEIRA;SC;247154,277231803
4645;-26,88;-49,83;VITOR MEIRELES - SC;VITOR MEIRELES;SC;34520,710331476
4646;-26,92;-49,79;WITMARSUM - SC;WITMARSUM;SC;24676,7400512907
4647;-26,87;-52,4;XANXERE - SC;XANXERE;SC;250166,563961494
4648;-27,06;-52,34;XAVANTINA - SC;XAVANTINA;SC;32570,1823084058
4649;-26,96;-52,53;XAXIM - SC;XAXIM;SC;151608,949402764
4650;-27,45;-51,55;ZORTEA - SC;ZORTEA;SC;17509,8268524281
4651;-10,13;-36,93;AMPARO DE SAO FRANCISCO - SE;AMPARO DE SAO FRANCISCO;SE;13826,7112611232
4652;-10,28;-37,01;AQUIDABA - SE;AQUIDABA;SE;116494,635551588
4653;-10,91;-37,07;ARACAJU - SE;ARACAJU;SE;428194
4654;-11,26;-37,62;ARAUA - SE;ARAUA;SE;68613,1074986431
4655;-10,75;-37,31;AREIA BRANCA - SE;AREIA BRANCA;SE;89746,138903374
4656;-10,9;-37,03;BARRA DOS COQUEIROS - SE;BARRA DOS COQUEIROS;SE;108012,04991902
4657;-11,14;-37,62;BOQUIM - SE;BOQUIM;SE;144378,474465954
4658;-10,42;-36,46;BREJO GRANDE - SE;BREJO GRANDE;SE;46698,4894205378
4659;-10,73;-37,49;CAMPO DO BRITO - SE;CAMPO DO BRITO;SE;103379,378715311
4660;-10,13;-36,98;CANHOBA - SE;CANHOBA;SE;25453,8952067763
4661;-9,64;-37,78;CANINDE DE SAO FRANCISCO - SE;CANINDE DE SAO FRANCISCO;SE;91725,0186622814
4662;-10,5;-37,05;CAPELA - SE;CAPELA;SE;160335,591660335
4663;-10,36;-37,7;CARIRA - SE;CARIRA;SE;107509,428009338
4664;-10,64;-36,98;CARMOPOLIS - SE;CARMOPOLIS;SE;48660,9480631128
4665;-10,25;-36,88;CEDRO DE SAO JOAO - SE;CEDRO DE SAO JOAO;SE;35156,9937694771
4666;-11,47;-37,75;CRISTINAPOLIS - SE;CRISTINAPOLIS;SE;82665,5624379269
4667;-10,35;-37,18;CUMBE - SE;CUMBE;SE;22984,9753659079
4668;-10,68;-37,14;DIVINA PASTORA - SE;DIVINA PASTORA;SE;17601,7704103019
4669;-11,26;-37,43;ESTANCIA - SE;ESTANCIA;SE;371152,597972427
4670;-10,26;-37,31;FEIRA NOVA - SE;FEIRA NOVA;SE;29830,3476505404
4671;-10,54;-37,53;FREI PAULO - SE;FREI PAULO;SE;75727,413750648
4672;-9,96;-37,08;GARARU - SE;GARARU;SE;61927,663255741
4673;-10,68;-36,98;GENERAL MAYNARD - SE;GENERAL MAYNARD;SE;16265,730966428
4674;-10,22;-37,19;GRACHO CARDOSO - SE;GRACHO CARDOSO;SE;35769,3000241963
4675;-10,43;-36,54;ILHA DAS FLORES - SE;ILHA DAS FLORES;SE;46296,3621667203
4676;-11,51;-37,51;INDIAROBA - SE;INDIAROBA;SE;76364,9879809739
4677;-10,68;-37,42;ITABAIANA - SE;ITABAIANA;SE;492631,930579351
4678;-11,27;-37,79;ITABAIANINHA - SE;ITABAIANINHA;SE;217313,149943204
4679;-10,12;-37,1;ITABI - SE;ITABI;SE;33019,5000428203
4680;-10,99;-37,31;ITAPORANGA D'AJUDA - SE;ITAPORANGA D'AJUDA;SE;141007,822548554
4681;-10,59;-36,94;JAPARATUBA - SE;JAPARATUBA;SE;83363,8361608538
4682;-10,34;-36,8;JAPOATA - SE;JAPOATA;SE;64053,4873550581
4683;-10,91;-37,65;LAGARTO - SE;LAGARTO;SE;525616,602287759
4684;-10,8;-37,17;LARANJEIRAS - SE;LARANJEIRAS;SE;138279,32928292
4685;-10,66;-37,54;MACAMBIRA - SE;MACAMBIRA;SE;35721,7343534895
4686;-10,34;-36,92;MALHADA DOS BOIS - SE;MALHADA DOS BOIS;SE;17734,5702477028
4687;-10,65;-37,3;MALHADOR - SE;MALHADOR;SE;70780,7915702954
4688;-10,73;-37,08;MARUIM - SE;MARUIM;SE;94318,9755834448
4689;-10,57;-37,34;MOITA BONITA - SE;MOITA BONITA;SE;67998,5065717907
4690;-10,02;-37,56;MONTE ALEGRE DE SERGIPE - SE;MONTE ALEGRE DE SERGIPE;SE;66455,6823836152
4691;-10,42;-36,95;MURIBECA - SE;MURIBECA;SE;47203,3779304394
4692;-10,32;-36,57;NEOPOLIS - SE;NEOPOLIS;SE;107400,653406373
4693;-10,44;-37,48;NOSSA SENHORA APARECIDA - SE;NOSSA SENHORA APARECIDA;SE;52608,7005024112
4694;-10,21;-37,42;NOSSA SENHORA DA GLORIA - SE;NOSSA SENHORA DA GLORIA;SE;165789,648732088
4695;-10,49;-37,19;NOSSA SENHORA DAS DORES - SE;NOSSA SENHORA DAS DORES;SE;136379,998142678
4696;-10,07;-37,05;NOSSA SENHORA DE LOURDES - SE;NOSSA SENHORA DE LOURDES;SE;35674,6132681632
4697;-10,85;-37,12;NOSSA SENHORA DO SOCORRO - SE;NOSSA SENHORA DO SOCORRO;SE;645580,57451957
4698;-10,45;-36,65;PACATUBA - SE;PACATUBA;SE;70782,2557854627
4699;-10,61;-37,68;PEDRA MOLE - SE;PEDRA MOLE;SE;14666,2766169033
4700;-11,19;-37,67;PEDRINHAS - SE;PEDRINHAS;SE;51839,1022542818
4701;-10,56;-37,72;PINHAO - SE;PINHAO;SE;31557,1911385257
4702;-10,73;-36,85;PIRAMBU - SE;PIRAMBU;SE;37896,2957097835
4703;-9,8;-37,68;POCO REDONDO - SE;POCO REDONDO;SE;128860,08819682
4704;-10,7;-38,18;POCO VERDE - SE;POCO VERDE;SE;122888,90865597
4705;-9,91;-37,27;PORTO DA FOLHA - SE;PORTO DA FOLHA;SE;142321,535239
4706;-10,21;-36,84;PROPRIA - SE;PROPRIA;SE;162370,478563407
4707;-11,06;-37,72;RIACHAO DO DANTAS - SE;RIACHAO DO DANTAS;SE;119250,65909193
4708;-10,72;-37,18;RIACHUELO - SE;RIACHUELO;SE;49863,9820430768
4709;-10,53;-37,41;RIBEIROPOLIS - SE;RIBEIROPOLIS;SE;91395,7474529797
4710;-10,69;-37,03;ROSARIO DO CATETE - SE;ROSARIO DO CATETE;SE;44599,4247626415
4711;-11,03;-37,47;SALGADO - SE;SALGADO;SE;108951,841626629
4712;-11,35;-37,44;SANTA LUZIA DO ITANHY - SE;SANTA LUZIA DO ITANHY;SE;68002,6076550359
4713;-10,64;-37,19;SANTA ROSA DE LIMA - SE;SANTA ROSA DE LIMA;SE;21893,5633958346
4714;-10,29;-36,6;SANTANA DO SAO FRANCISCO - SE;SANTANA DO SAO FRANCISCO;SE;38529,9433249514
4715;-10,78;-37,05;SANTO AMARO DAS BROTAS - SE;SANTO AMARO DAS BROTAS;SE;62917,1629127768
4716;-11,01;-37,2;SAO CRISTOVAO - SE;SAO CRISTOVAO;SE;399075,38368219
4717;-10,79;-37,56;SAO DOMINGOS - SE;SAO DOMINGOS;SE;54435,3296459725
4718;-10,33;-36,88;SAO FRANCISCO - SE;SAO FRANCISCO;SE;16591,5606282303
4719;-10,38;-37,38;SAO MIGUEL DO ALEIXO - SE;SAO MIGUEL DO ALEIXO;SE;20880,1783635469
4720;-10,73;-37,81;SIMAO DIAS - SE;SIMAO DIAS;SE;208810,394139006
4721;-10,6;-37,11;SIRIRI - SE;SIRIRI;SE;43827,6708451893
4722;-10,2;-36,88;TELHA - SE;TELHA;SE;15295,011627241
4723;-11,18;-37,99;TOBIAS BARRETO - SE;TOBIAS BARRETO;SE;285018,295286911
4724;-11,37;-37,84;TOMAR DO GERU - SE;TOMAR DO GERU;SE;79811,1460849896
4725;-11,38;-37,65;UMBAUBA - SE;UMBAUBA;SE;103898,739066519
4726;-21,68;-51,07;ADAMANTINA - SP;ADAMANTINA;SP;200160,415705635
4727;-21,23;-49,64;ADOLFO - SP;ADOLFO;SP;20582,6864608402
4728;-22,05;-46,97;AGUAI - SP;AGUAI;SP;160744,489214425
4729;-21,93;-46,71;AGUAS DA PRATA - SP;AGUAS DA PRATA;SP;48564,5920111705
4730;-22,47;-46,63;AGUAS DE LINDOIA - SP;AGUAS DE LINDOIA;SP;89094,7043721859
4731;-22,88;-49,23;AGUAS DE SANTA BARBARA - SP;AGUAS DE SANTA BARBARA;SP;28648,1795615211
4732;-22,59;-47,87;AGUAS DE SAO PEDRO - SP;AGUAS DE SAO PEDRO;SP;10949,0802657875
4733;-22,46;-48,98;AGUDOS - SP;AGUDOS;SP;214326,24071945
4734;-23,55;-47,89;ALAMBARI - SP;ALAMBARI;SP;23300,3057855631
4735;-21,95;-51,41;ALFREDO MARCONDES - SP;ALFREDO MARCONDES;SP;23167,6982728091
4736;-20,52;-49,05;ALTAIR - SP;ALTAIR;SP;22207,5979305162
4737;-21,02;-47,37;ALTINOPOLIS - SP;ALTINOPOLIS;SP;87304,6496739468
4738;-21,58;-50,16;ALTO ALEGRE - SP;ALTO ALEGRE;SP;29702,3854856895
4739;-23,53;-47,26;ALUMINIO - SP;ALUMINIO;SP;92038,6875087942
4740;-20,32;-49,91;ALVARES FLORENCE - SP;ALVARES FLORENCE;SP;30692,2725680641
4741;-22,07;-51,47;ALVARES MACHADO - SP;ALVARES MACHADO;SP;132089,437734455
4742;-22,08;-49,71;ALVARO DE CARVALHO - SP;ALVARO DE CARVALHO;SP;18968,7229543121
4743;-22,44;-49,76;ALVINLANDIA - SP;ALVINLANDIA;SP;18438,1568686437
4744;-22,73;-47,33;AMERICANA - SP;AMERICANA;SP;1066946,85649639
4745;-21,72;-48,1;AMERICO BRASILIENSE - SP;AMERICO BRASILIENSE;SP;154555,147107119
4746;-20,29;-49,73;AMERICO DE CAMPOS - SP;AMERICO DE CAMPOS;SP;34452,4559686086
4747;-22,7;-46,76;AMPARO - SP;AMPARO;SP;369105,623694511
4748;-22,12;-47,66;ANALANDIA - SP;ANALANDIA;SP;23097,7001219659
4749;-20,89;-51,37;ANDRADINA - SP;ANDRADINA;SP;363201,601741092
4750;-23,49;-48,41;ANGATUBA - SP;ANGATUBA;SP;116480,408772752
4751;-22,78;-48,12;ANHEMBI - SP;ANHEMBI;SP;27940,566046652
4752;-22,29;-51,38;ANHUMAS - SP;ANHUMAS;SP;19206,2479888855
4753;-22,84;-45,23;APARECIDA - SP;APARECIDA;SP;237038,597679556
4754;-20,44;-50,88;APARECIDA D'OESTE - SP;APARECIDA D'OESTE;SP;32357,6117932425
4755;-24,5;-48,84;APIAI - SP;APIAI;SP;159133,138431943
4756;-23,43;-47,06;ARACARIGUAMA - SP;ARACARIGUAMA;SP;66568,7008181258
4757;-21,2;-50,43;ARACATUBA - SP;ARACATUBA;SP;1034072,99272042
4758;-23,5;-47,61;ARACOIABA DA SERRA - SP;ARACOIABA DA SERRA;SP;107624,673515907
4759;-20,09;-47,78;ARAMINA - SP;ARAMINA;SP;27277,6360359663
4760;-23,13;-49,05;ARANDU - SP;ARANDU;SP;32544,9190035434
4761;-22,67;-44,44;ARAPEI - SP;ARAPEI;SP;16363,1252800013
4762;-21,79;-48,17;ARARAQUARA - SP;ARARAQUARA;SP;1119929,65282575
4763;-22,35;-47,38;ARARAS - SP;ARARAS;SP;627731,581994169
4764;-21,77;-50,46;ARCO-IRIS - SP;ARCO-IRIS;SP;13551,797967484
4765;-22,02;-48,91;AREALVA - SP;AREALVA;SP;46372,2294434293
4766;-22,58;-44,69;AREIAS - SP;AREIAS;SP;24066,2815093475
4767;-22,66;-48,66;AREIOPOLIS - SP;AREIOPOLIS;SP;63216,0176521647
4768;-21,18;-48,78;ARIRANHA - SP;ARIRANHA;SP;46215,9879262862
4769;-22,57;-47,17;ARTUR NOGUEIRA - SP;ARTUR NOGUEIRA;SP;171393,947939924
4770;-23,39;-46,32;ARUJA - SP;ARUJA;SP;339095,118532959
4771;-20,15;-50,72;ASPASIA - SP;ASPASIA;SP;12124,854323346
4772;-22,66;-50,41;ASSIS - SP;ASSIS;SP;580243,792870658
4773;-23,11;-46,55;ATIBAIA - SP;ATIBAIA;SP;603206,133541036
4774;-20,68;-50,55;AURIFLAMA - SP;AURIFLAMA;SP;82134,1305969713
4775;-22,14;-49,33;AVAI - SP;AVAI;SP;28420,2760953738
4776;-21,46;-49,95;AVANHANDAVA - SP;AVANHANDAVA;SP;53627,9483778439
4777;-23,09;-48,92;AVARE - SP;AVARE;SP;443868,874071137
4778;-20,91;-49,44;BADY BASSITT - SP;BADY BASSITT;SP;50881,8538846195
4779;-21,9;-49,35;BALBINOS - SP;BALBINOS;SP;8458,4340775967
4780;-20,73;-49,58;BALSAMO - SP;BALSAMO;SP;43855,6477316708
4781;-22,68;-44,32;BANANAL - SP;BANANAL;SP;59655,2054492544
4782;-23,62;-49,56;BARAO DE ANTONINA - SP;BARAO DE ANTONINA;SP;18327,143908661
4783;-21,26;-49,94;BARBOSA - SP;BARBOSA;SP;37422,8722437023
4784;-22,07;-48,74;BARIRI - SP;BARIRI;SP;158218,727426016
4785;-22,49;-48,55;BARRA BONITA - SP;BARRA BONITA;SP;221974,09553721
4786;-24,47;-49,02;BARRA DO CHAPEU - SP;BARRA DO CHAPEU;SP;32889,945758921
4787;-24,75;-48,5;BARRA DO TURVO - SP;BARRA DO TURVO;SP;47604,1494068556
4788;-20,55;-48,56;BARRETOS - SP;BARRETOS;SP;681505,228204215
4789;-21,19;-48,16;BARRINHA - SP;BARRINHA;SP;150854,546591639
4790;-23,51;-46,87;BARUERI - SP;BARUERI;SP;1230786,85378722
4791;-21,92;-50,73;BASTOS - SP;BASTOS;SP;126809,713413248
4792;-20,89;-47,58;BATATAIS - SP;BATATAIS;SP;323653,837344613
4793;-22,31;-49,06;BAURU - SP;BAURU;SP;1831071,69036517
4794;-20,94;-48,47;BEBEDOURO - SP;BEBEDOURO;SP;499041,359533766
4795;-21,27;-50,81;BENTO DE ABREU - SP;BENTO DE ABREU;SP;15683,7489275669
4796;-23,01;-49,47;BERNARDINO DE CAMPOS - SP;BERNARDINO DE CAMPOS;SP;66256,4967555804
4797;-23,85;-46,13;BERTIOGA - SP;BERTIOGA;SP;105693,118900302
4798;-21,4;-50,47;BILAC - SP;BILAC;SP;35497,2717175766
4799;-21,28;-50,34;BIRIGUI - SP;BIRIGUI;SP;519740,824840379
4800;-23,57;-46,03;BIRITIBA-MIRIM - SP;BIRITIBA-MIRIM;SP;129230,08114967
4801;-21,99;-48,39;BOA ESPERANCA DO SUL - SP;BOA ESPERANCA DO SUL;SP;71385,5916615236
4802;-22,13;-48,51;BOCAINA - SP;BOCAINA;SP;54407,1680509431
4803;-23,1;-48,25;BOFETE - SP;BOFETE;SP;44033,6666948173
4804;-23,28;-47,67;BOITUVA - SP;BOITUVA;SP;177712,729704932
4805;-23,13;-46,46;BOM JESUS DOS PERDOES - SP;BOM JESUS DOS PERDOES;SP;66825,5873900285
4806;-24,31;-49,14;BOM SUCESSO DE ITARARE - SP;BOM SUCESSO DE ITARARE;SP;16396,8363486965
4807;-22,27;-50,53;BORA - SP;BORA;SP;5101,82046292519
4808;-22,19;-48,77;BORACEIA - SP;BORACEIA;SP;21396,8978428402
4809;-21,62;-49,07;BORBOREMA - SP;BORBOREMA;SP;81912,5055549005
4810;-22,56;-48,97;BOREBI - SP;BOREBI;SP;11152,7296500846
4811;-22,88;-48,44;BOTUCATU - SP;BOTUCATU;SP;659400,778219602
4812;-22,95;-46,54;BRAGANCA PAULISTA - SP;BRAGANCA PAULISTA;SP;689205,494401837
4813;-21,49;-50,31;BRAUNA - SP;BRAUNA;SP;26783,5671588383
4814;-21,16;-50,18;BREJO ALEGRE - SP;BREJO ALEGRE;SP;13455,5000002622
4815;-20,99;-47,65;BRODOSQUI - SP;BRODOSQUI;SP;99442,7879655024
4816;-22,28;-48,12;BROTAS - SP;BROTAS;SP;105177,30999038
4817;-23,79;-48,59;BURI - SP;BURI;SP;113649,954157891
4818;-21,06;-50,14;BURITAMA - SP;BURITAMA;SP;93462,721520053
4819;-20,19;-47,7;BURITIZAL - SP;BURITIZAL;SP;21762,5978712901
4820;-22,45;-49,33;CABRALIA PAULISTA - SP;CABRALIA PAULISTA;SP;27262,997931961
4821;-23,3;-47,13;CABREUVA - SP;CABREUVA;SP;145575,922420464
4822;-23,1;-45,7;CACAPAVA - SP;CACAPAVA;SP;474760,333126657
4823;-22,66;-45;CACHOEIRA PAULISTA - SP;CACHOEIRA PAULISTA;SP;156126,750676019
4824;-21,52;-46,64;CACONDE - SP;CACONDE;SP;107345,654923584
4825;-21,8;-49,61;CAFELANDIA - SP;CAFELANDIA;SP;94054,5272368258
4826;-22,01;-51,23;CAIABU - SP;CAIABU;SP;25739,3488075387
4827;-23,36;-46,74;CAIEIRAS - SP;CAIEIRAS;SP;361078,815005082
4828;-21,83;-51,99;CAIUA - SP;CAIUA;SP;22385,5360506233
4829;-23,35;-46,87;CAJAMAR - SP;CAJAMAR;SP;267666,229494738
4830;-24,73;-48,12;CAJATI - SP;CAJATI;SP;184231,336347816
4831;-20,88;-48,8;CAJOBI - SP;CAJOBI;SP;67312,9210608531
4832;-21,27;-47,3;CAJURU - SP;CAJURU;SP;131427,145356253
4833;-23,59;-48,47;CAMPINA DO MONTE ALEGRE - SP;CAMPINA DO MONTE ALEGRE;SP;28288,5151649658
4834;-22,9;-47,06;CAMPINAS - SP;CAMPINAS;SP;908906
4835;-23,2;-46,78;CAMPO LIMPO PAULISTA - SP;CAMPO LIMPO PAULISTA;SP;322948,60262611
4836;-22,73;-45,59;CAMPOS DO JORDAO - SP;CAMPOS DO JORDAO;SP;217075,591910515
4837;-22,6;-50;CAMPOS NOVOS PAULISTA - SP;CAMPOS NOVOS PAULISTA;SP;28869,5334956399
4838;-25,01;-47,92;CANANEIA - SP;CANANEIA;SP;59427,8575096115
4839;-22,7;-45,05;CANAS - SP;CANAS;SP;19172,4379278537
4840;-22,74;-50,38;CANDIDO MOTA - SP;CANDIDO MOTA;SP;191695,38001292
4841;-21,32;-48,63;CANDIDO RODRIGUES - SP;CANDIDO RODRIGUES;SP;15801,6928723563
4842;-23;-49,78;CANITAR - SP;CANITAR;SP;17585,9745352957
4843;-24;-48,34;CAPAO BONITO - SP;CAPAO BONITO;SP;280312,825033602
4844;-23,47;-47,73;CAPELA DO ALTO - SP;CAPELA DO ALTO;SP;88162,9457149072
4845;-22,99;-47,5;CAPIVARI - SP;CAPIVARI;SP;254229,481282693
4846;-23,62;-45,41;CARAGUATATUBA - SP;CARAGUATATUBA;SP;417433,704057647
4847;-23,52;-46,83;CARAPICUIBA - SP;CARAPICUIBA;SP;2111621,70988155
4848;-20,08;-49,91;CARDOSO - SP;CARDOSO;SP;72336,6866787651
4849;-21,77;-47,08;CASA BRANCA - SP;CASA BRANCA;SP;164893,561271276
4850;-21,28;-47,17;CASSIA DOS COQUEIROS - SP;CASSIA DOS COQUEIROS;SP;17647,3263102894
4851;-20,87;-51,48;CASTILHO - SP;CASTILHO;SP;100225,346045012
4852;-21,13;-48,97;CATANDUVA - SP;CATANDUVA;SP;676401,251370009
4853;-21,04;-49,05;CATIGUA - SP;CATIGUA;SP;44858,3251588627
4854;-20,9;-49,26;CEDRAL - SP;CEDRAL;SP;38712,4563194075
4855;-23,03;-49,16;CERQUEIRA CESAR - SP;CERQUEIRA CESAR;SP;83984,8632693327
4856;-23,16;-47,74;CERQUILHO - SP;CERQUILHO;SP;173213,192667041
4857;-23,22;-47,95;CESARIO LANGE - SP;CESARIO LANGE;SP;88461,9367519225
4858;-22,51;-47,77;CHARQUEADA - SP;CHARQUEADA;SP;77146,0209904071
4859;-23,03;-49,7;CHAVANTES - SP;CHAVANTES;SP;75748,2886135837
4860;-21,56;-50,44;CLEMENTINA - SP;CLEMENTINA;SP;31607,7536475386
4861;-20,71;-48,54;COLINA - SP;COLINA;SP;107994,971871749
4862;-20,17;-48,68;COLOMBIA - SP;COLOMBIA;SP;38253,2065592885
4863;-22,33;-47,17;CONCHAL - SP;CONCHAL;SP;148836,861734259
4864;-23,01;-48,01;CONCHAS - SP;CONCHAS;SP;79296,800565929
4865;-22,48;-47,45;CORDEIROPOLIS - SP;CORDEIROPOLIS;SP;100673,561150813
4866;-21,35;-50,28;COROADOS - SP;COROADOS;SP;29956,3005983329
4867;-23,63;-49,31;CORONEL MACEDO - SP;CORONEL MACEDO;SP;38570,3590455673
4868;-22,22;-47,62;CORUMBATAI - SP;CORUMBATAI;SP;24106,7991073819
4869;-22,64;-47,19;COSMOPOLIS - SP;COSMOPOLIS;SP;260290,162164634
4870;-20,47;-49,77;COSMORAMA - SP;COSMORAMA;SP;49975,2278539438
4871;-23,6;-46,91;COTIA - SP;COTIA;SP;859742,795988877
4872;-21,34;-47,72;CRAVINHOS - SP;CRAVINHOS;SP;167447,038265458
4873;-20,39;-47,42;CRISTAIS PAULISTA - SP;CRISTAIS PAULISTA;SP;41044,3069015618
4874;-22,73;-50,79;CRUZALIA - SP;CRUZALIA;SP;17367,1237690189
4875;-22,57;-44,96;CRUZEIRO - SP;CRUZEIRO;SP;447792,982651361
4876;-23,89;-46,42;CUBATAO - SP;CUBATAO;SP;602239,729537161
4877;-23,07;-44,96;CUNHA - SP;CUNHA;SP;132770,774602155
4878;-21,9;-47,61;DESCALVADO - SP;DESCALVADO;SP;184034,955925154
4879;-23,68;-46,62;DIADEMA - SP;DIADEMA;SP;2223755,31955417
4880;-20,46;-50,6;DIRCE REIS - SP;DIRCE REIS;SP;11052,1685960001
4881;-21,66;-46,73;DIVINOLANDIA - SP;DIVINOLANDIA;SP;75133,5513980664
4882;-21,51;-48,39;DOBRADA - SP;DOBRADA;SP;48565,5902138358
4883;-22,36;-48,38;DOIS CORREGOS - SP;DOIS CORREGOS;SP;139981,958134163
4884;-20,12;-50,51;DOLCINOPOLIS - SP;DOLCINOPOLIS;SP;14735,5376614584
4885;-22,1;-48,31;DOURADO - SP;DOURADO;SP;52980,5048131463
4886;-21,48;-51,53;DRACENA - SP;DRACENA;SP;267924,883688573
4887;-22,41;-49,4;DUARTINA - SP;DUARTINA;SP;80751,703320041
4888;-21,23;-47,97;DUMONT - SP;DUMONT;SP;34804,3088260799
4889;-22,42;-50,2;ECHAPORA - SP;ECHAPORA;SP;41943,7107492226
4890;-24,52;-48,1;ELDORADO - SP;ELDORADO;SP;88126,4603579552
4891;-23,04;-47,37;ELIAS FAUSTO - SP;ELIAS FAUSTO;SP;80727,8197786844
4892;-21,16;-49,11;ELISIARIO - SP;ELISIARIO;SP;16828,3773504997
4893;-20,98;-48,83;EMBAUBA - SP;EMBAUBA;SP;16947,4083776422
4894;-23,64;-46,85;EMBU - SP;EMBU;SP;1275412,43861907
4895;-23,83;-46,81;EMBU-GUACU - SP;EMBU-GUACU;SP;281316,592209757
4896;-21,83;-51,48;EMILIANOPOLIS - SP;EMILIANOPOLIS;SP;16788,1568818685
4897;-22,48;-47,21;ENGENHEIRO COELHO - SP;ENGENHEIRO COELHO;SP;60390,4053371757
4898;-22,19;-46,74;ESPIRITO SANTO DO PINHAL - SP;ESPIRITO SANTO DO PINHAL;SP;258579,497438672
4899;-22,69;-49,43;ESPIRITO SANTO DO TURVO - SP;ESPIRITO SANTO DO TURVO;SP;18933,1748280965
4900;-22,27;-46,94;ESTIVA GERBI - SP;ESTIVA GERBI;SP;49332,9466050965
4901;-22,48;-51,66;ESTRELA DO NORTE - SP;ESTRELA DO NORTE;SP;53118,6322230433
4902;-20,28;-50,4;ESTRELA D'OESTE - SP;ESTRELA D'OESTE;SP;16763,6930571838
4903;-22,56;-52,59;EUCLIDES DA CUNHA PAULISTA - SP;EUCLIDES DA CUNHA PAULISTA;SP;64933,3897355896
4904;-23,38;-49,51;FARTURA - SP;FARTURA;SP;93762,7227534379
4905;-21,26;-48,68;FERNANDO PRESTES - SP;FERNANDO PRESTES;SP;34898,2817534178
4906;-20,28;-50,24;FERNANDOPOLIS - SP;FERNANDOPOLIS;SP;399135,039468362
4907;-22,35;-49,52;FERNAO - SP;FERNAO;SP;9374,88568539301
4908;-23,54;-46,36;FERRAZ DE VASCONCELOS - SP;FERRAZ DE VASCONCELOS;SP;781330,476528402
4909;-21,67;-51,38;FLORA RICA - SP;FLORA RICA;SP;14295,4700529854
4910;-20,67;-50,14;FLOREAL - SP;FLOREAL;SP;23489,9685436953
4911;-21,61;-51,17;FLORIDA PAULISTA - SP;FLORIDA PAULISTA;SP;72094,1445375459
4912;-22,9;-50,73;FLORINIA - SP;FLORINIA;SP;21208,8411598134
4913;-20,53;-47,4;FRANCA - SP;FRANCA;SP;1727713,29379853
4914;-23,28;-46,74;FRANCISCO MORATO - SP;FRANCISCO MORATO;SP;643984,468954389
4915;-23,32;-46,72;FRANCO DA ROCHA - SP;FRANCO DA ROCHA;SP;629366,462671162
4916;-21,53;-50,55;GABRIEL MONTEIRO - SP;GABRIEL MONTEIRO;SP;16875,4320452599
4917;-22,29;-49,55;GALIA - SP;GALIA;SP;50458,0083406516
4918;-22,21;-49,65;GARCA - SP;GARCA;SP;267966,944038158
4919;-20,79;-50,18;GASTAO VIDIGAL - SP;GASTAO VIDIGAL;SP;24002,6243449344
4920;-21,83;-48,49;GAVIAO PEIXOTO - SP;GAVIAO PEIXOTO;SP;27404,9495189427
4921;-20,64;-50,36;GENERAL SALGADO - SP;GENERAL SALGADO;SP;69708,8991931876
4922;-21,79;-49,92;GETULINA - SP;GETULINA;SP;58750,6652438349
4923;-21,38;-50,21;GLICERIO - SP;GLICERIO;SP;25388,4537738314
4924;-21,62;-49,79;GUAICARA - SP;GUAICARA;SP;54767,390494225
4925;-21,91;-49,89;GUAIMBE - SP;GUAIMBE;SP;30788,1408867809
4926;-20,31;-48,31;GUAIRA - SP;GUAIRA;SP;208840,571096031
4927;-20,79;-49,22;GUAPIACU - SP;GUAPIACU;SP;81116,1948845705
4928;-24,18;-48,53;GUAPIARA - SP;GUAPIARA;SP;125866,020617751
4929;-20,42;-47,82;GUARA - SP;GUARA;SP;122318,304876306
4930;-21,02;-51,2;GUARACAI - SP;GUARACAI;SP;61338,0109496503
4931;-20,49;-48,94;GUARACI - SP;GUARACI;SP;53017,1607630431
4932;-20,07;-50,33;GUARANI D'OESTE - SP;GUARANI D'OESTE;SP;13482,9548645522
4933;-21,89;-49,59;GUARANTA - SP;GUARANTA;SP;34590,1655036343
4934;-21,26;-50,64;GUARARAPES - SP;GUARARAPES;SP;175216,288397972
4935;-23,41;-46,03;GUARAREMA - SP;GUARAREMA;SP;118801,456949302
4936;-22,81;-45,19;GUARATINGUETA - SP;GUARATINGUETA;SP;592503,606618351
4937;-23,37;-48,18;GUAREI - SP;GUAREI;SP;55671,3096616858
4938;-21,36;-48,22;GUARIBA - SP;GUARIBA;SP;201397,848470269
4939;-23,99;-46,25;GUARUJA - SP;GUARUJA;SP;1528054,99824192
4940;-23,46;-46,53;GUARULHOS - SP;GUARULHOS;SP;972384
4941;-21,49;-48,03;GUATAPARA - SP;GUATAPARA;SP;40913,0346317888
4942;-20,65;-50,66;GUZOLANDIA - SP;GUZOLANDIA;SP;29029,0021675057
4943;-22;-50,38;HERCULANDIA - SP;HERCULANDIA;SP;50989,6125310889
4944;-22,63;-47,05;HOLAMBRA - SP;HOLAMBRA;SP;41107,3240717382
4945;-22,85;-47,22;HORTOLANDIA - SP;HORTOLANDIA;SP;713894,642188507
4946;-21,89;-49,02;IACANGA - SP;IACANGA;SP;51025,6672732399
4947;-21,85;-50,68;IACRI - SP;IACRI;SP;43688,1875551168
4948;-22,87;-49,16;IARAS - SP;IARAS;SP;18311,4300865079
4949;-21,95;-47,99;IBATE - SP;IBATE;SP;152357,096203686
4950;-21,08;-49,24;IBIRA - SP;IBIRA;SP;56612,4503133511
4951;-22,81;-50,07;IBIRAREMA - SP;IBIRAREMA;SP;38773,9173648352
4952;-21,75;-48,82;IBITINGA - SP;IBITINGA;SP;254733,809200113
4953;-23,65;-47,22;IBIUNA - SP;IBIUNA;SP;376485,189186414
4954;-20,34;-49,19;ICEM - SP;ICEM;SP;44994,9510079901
4955;-22,66;-51,07;IEPE - SP;IEPE;SP;47577,8071430845
4956;-22,5;-48,55;IGARACU DO TIETE - SP;IGARACU DO TIETE;SP;142238,254053809
4957;-20,03;-47,74;IGARAPAVA - SP;IGARAPAVA;SP;178477,360196065
4958;-23,2;-46,15;IGARATA - SP;IGARATA;SP;37376,5224138936
4959;-24,7;-47,55;IGUAPE - SP;IGUAPE;SP;172288,25063026
4960;-24,74;-47,54;ILHA COMPRIDA - SP;ILHA COMPRIDA;SP;23812,6519553137
4961;-20,43;-51,34;ILHA SOLTEIRA - SP;ILHA SOLTEIRA;SP;140199,25990594
4962;-23,77;-45,35;ILHABELA - SP;ILHABELA;SP;79892,6985680058
4963;-23,09;-47,21;INDAIATUBA - SP;INDAIATUBA;SP;773803,840368827
4964;-22,17;-51,25;INDIANA - SP;INDIANA;SP;30066,2414275024
4965;-19,98;-50,29;INDIAPORA - SP;INDIAPORA;SP;26979,2157716413
4966;-21,77;-50,96;INUBIA PAULISTA - SP;INUBIA PAULISTA;SP;21180,6446459951
4967;-23,05;-49,62;IPAUCU - SP;IPAUCU;SP;79303,5151097006
4968;-23,35;-47,68;IPERO - SP;IPERO;SP;95317,5839483478
4969;-22,43;-47,71;IPEUNA - SP;IPEUNA;SP;21591,4436114095
4970;-20,65;-49,38;IPIGUA - SP;IPIGUA;SP;17946,7700765978
4971;-24,58;-48,59;IPORANGA - SP;IPORANGA;SP;30323,0627944349
4972;-20,43;-48,01;IPUA - SP;IPUA;SP;71062,2208647795
4973;-22,58;-47,51;IRACEMAPOLIS - SP;IRACEMAPOLIS;SP;92465,4036786607
4974;-21,27;-49,4;IRAPUA - SP;IRAPUA;SP;41580,5300531294
4975;-21,57;-51,34;IRAPURU - SP;IRAPURU;SP;47966,0645253407
4976;-23,86;-49,13;ITABERA - SP;ITABERA;SP;126339,60679681
4977;-23,41;-49,09;ITAI - SP;ITAI;SP;108488,42327862
4978;-21,31;-49,05;ITAJOBI - SP;ITAJOBI;SP;91305,8155262338
4979;-21,98;-48,8;ITAJU - SP;ITAJU;SP;13723,3485375469
4980;-24,18;-46,78;ITANHAEM - SP;ITANHAEM;SP;349363,238236549
4981;-24,64;-48,84;ITAOCA - SP;ITAOCA;SP;21673,1743620696
4982;-23,71;-46,84;ITAPECERICA DA SERRA - SP;ITAPECERICA DA SERRA;SP;710062,473316886
4983;-23,59;-48,05;ITAPETININGA - SP;ITAPETININGA;SP;737053,464469056
4984;-23,98;-48,87;ITAPEVA - SP;ITAPEVA;SP;470135,569742966
4985;-23,54;-46,93;ITAPEVI - SP;ITAPEVI;SP;845634,331270388
4986;-22,43;-46,82;ITAPIRA - SP;ITAPIRA;SP;379055,946337184
4987;-24,57;-49,16;ITAPIRAPUA PAULISTA - SP;ITAPIRAPUA PAULISTA;SP;21343,7513978609
4988;-21,59;-48,81;ITAPOLIS - SP;ITAPOLIS;SP;246789,626319031
4989;-23,7;-49,49;ITAPORANGA - SP;ITAPORANGA;SP;90666,7318466764
4990;-22,23;-48,71;ITAPUI - SP;ITAPUI;SP;69027,7257319742
4991;-20,64;-51,5;ITAPURA - SP;ITAPURA;SP;24461,5279202215
4992;-23,48;-46,34;ITAQUAQUECETUBA - SP;ITAQUAQUECETUBA;SP;1545313,43263725
4993;-24,11;-49,34;ITARARE - SP;ITARARE;SP;271228,760133264
4994;-24,28;-47,17;ITARIRI - SP;ITARIRI;SP;74966,4989277842
4995;-23;-46,83;ITATIBA - SP;ITATIBA;SP;458698,845523502
4996;-23,1;-48,61;ITATINGA - SP;ITATINGA;SP;96572,0475592623
4997;-22,25;-47,82;ITIRAPINA - SP;ITIRAPINA;SP;70029,1755461294
4998;-20,64;-47,21;ITIRAPUA - SP;ITIRAPUA;SP;32759,9713026662
4999;-21,73;-46,97;ITOBI - SP;ITOBI;SP;43826,3608471503
5000;-23,26;-47,29;ITU - SP;ITU;SP;818580,312773634
5001;-23,15;-47,05;ITUPEVA - SP;ITUPEVA;SP;124158,50682702
5002;-20,33;-47,78;ITUVERAVA - SP;ITUVERAVA;SP;208940,421739119
5003;-20,68;-48,41;JABORANDI - SP;JABORANDI;SP;41434,951527412
5004;-21,25;-48,32;JABOTICABAL - SP;JABOTICABAL;SP;407377,168835706
5005;-23,3;-45,96;JACAREI - SP;JACAREI;SP;1128431,28928835
5006;-20,88;-49,57;JACI - SP;JACI;SP;21183,7529522104
5007;-24,69;-48;JACUPIRANGA - SP;JACUPIRANGA;SP;103683,951231491
5008;-22,7;-46,98;JAGUARIUNA - SP;JAGUARIUNA;SP;173791,387649672
5009;-20,26;-50,54;JALES - SP;JALES;SP;302290,995783783
5010;-23,25;-45,68;JAMBEIRO - SP;JAMBEIRO;SP;23802,4503681142
5011;-23,52;-46,9;JANDIRA - SP;JANDIRA;SP;517911,017641137
5012;-21,01;-47,76;JARDINOPOLIS - SP;JARDINOPOLIS;SP;154951,402149197
5013;-23,1;-46,72;JARINU - SP;JARINU;SP;85438,3322181397
5014;-22,29;-48,55;JAU - SP;JAU;SP;701566,105219059
5015;-20,31;-47,58;JERIQUARA - SP;JERIQUARA;SP;22570,4034622506
5016;-22,93;-46,27;JOANOPOLIS - SP;JOANOPOLIS;SP;55740,0279063187
5017;-22,25;-50,76;JOAO RAMALHO - SP;JOAO RAMALHO;SP;22039,5652184389
5018;-21,05;-49,68;JOSE BONIFACIO - SP;JOSE BONIFACIO;SP;166329,409169161
5019;-22;-49,78;JULIO MESQUITA - SP;JULIO MESQUITA;SP;24535,0606552959
5020;-23,08;-47,78;JUMIRIM - SP;JUMIRIM;SP;12256,81829723
5021;-23,18;-46,88;JUNDIAI - SP;JUNDIAI;SP;2026768,71703549
5022;-21,51;-51,43;JUNQUEIROPOLIS - SP;JUNQUEIROPOLIS;SP;102556,780310724
5023;-24,32;-47,63;JUQUIA - SP;JUQUIA;SP;130577,954831457
5024;-23,93;-47,06;JUQUITIBA - SP;JUQUITIBA;SP;137295,032353322
5025;-23,09;-45,19;LAGOINHA - SP;LAGOINHA;SP;30911,1446426056
5026;-23,05;-47,83;LARANJAL PAULISTA - SP;LARANJAL PAULISTA;SP;136696,360852289
5027;-21,16;-51,04;LAVINIA - SP;LAVINIA;SP;34887,5108636501
5028;-22,57;-44,9;LAVRINHAS - SP;LAVRINHAS;SP;34102,0635589818
5029;-22,18;-47,39;LEME - SP;LEME;SP;532477,003615188
5030;-22,59;-48,8;LENCOIS PAULISTA - SP;LENCOIS PAULISTA;SP;313370,74240058
5031;-22,56;-47,4;LIMEIRA - SP;LIMEIRA;SP;1507179,11361914
5032;-22,52;-46,65;LINDOIA - SP;LINDOIA;SP;32932,5107179084
5033;-21,67;-49,74;LINS - SP;LINS;SP;404555,484100081
5034;-22,73;-45,12;LORENA - SP;LORENA;SP;477392,790764303
5035;-20,96;-50,22;LOURDES - SP;LOURDES;SP;12960,2786790596
5036;-23,08;-46,95;LOUVEIRA - SP;LOUVEIRA;SP;114317,008725966
5037;-21,72;-51,01;LUCELIA - SP;LUCELIA;SP;117077,942679488
5038;-22,43;-49,52;LUCIANOPOLIS - SP;LUCIANOPOLIS;SP;13858,3393629364
5039;-21,55;-47,7;LUIS ANTONIO - SP;LUIS ANTONIO;SP;41994,099373933
5040;-21,67;-50,32;LUIZIANIA - SP;LUIZIANIA;SP;25344,3285493174
5041;-22,41;-49,81;LUPERCIO - SP;LUPERCIO;SP;27417,6329470637
5042;-22,34;-50,39;LUTECIA - SP;LUTECIA;SP;17199,5817330066
5043;-22,5;-48,71;MACATUBA - SP;MACATUBA;SP;96591,1520619347
5044;-20,8;-49,96;MACAUBAL - SP;MACAUBAL;SP;43513,5711190939
5045;-20,14;-50,19;MACEDONIA - SP;MACEDONIA;SP;23299,5279437821
5046;-20,64;-50,22;MAGDA - SP;MAGDA;SP;23870,9469516444
5047;-23,54;-47,18;MAIRINQUE - SP;MAIRINQUE;SP;196718,34263024
5048;-23,31;-46,58;MAIRIPORA - SP;MAIRIPORA;SP;315875,015291795
5049;-23;-49,32;MANDURI - SP;MANDURI;SP;43469,4006179826
5050;-22,1;-51,96;MARABA PAULISTA - SP;MARABA PAULISTA;SP;25561,1716081576
5051;-22,61;-50,66;MARACAI - SP;MARACAI;SP;80078,3864636024
5052;-21,25;-49,12;MARAPOAMA - SP;MARAPOAMA;SP;12466,4390495661
5053;-21,79;-51,18;MARIAPOLIS - SP;MARIAPOLIS;SP;25990,7525300377
5054;-22,21;-49,94;MARILIA - SP;MARILIA;SP;1217688,84744602
5055;-20,44;-50,82;MARINOPOLIS - SP;MARINOPOLIS;SP;14482,218804809
5056;-22,14;-51,17;MARTINOPOLIS - SP;MARTINOPOLIS;SP;149285,200919083
5057;-21,6;-48,36;MATAO - SP;MATAO;SP;451392,260469425
5058;-23,66;-46,46;MAUA - SP;MAUA;SP;2059625,16127463
5059;-21,16;-49,58;MENDONCA - SP;MENDONCA;SP;22192,3313789184
5060;-20,35;-50,17;MERIDIANO - SP;MERIDIANO;SP;22092,5412574159
5061;-19,96;-50,63;MESOPOLIS - SP;MESOPOLIS;SP;12825,4958706102
5062;-20,17;-48,03;MIGUELOPOLIS - SP;MIGUELOPOLIS;SP;121964,443475992
5063;-22,4;-48,45;MINEIROS DO TIETE - SP;MINEIROS DO TIETE;SP;73610,0722836797
5064;-19,97;-50,13;MIRA ESTRELA - SP;MIRA ESTRELA;SP;17997,3461756868
5065;-24,28;-47,46;MIRACATU - SP;MIRACATU;SP;132018,370001293
5066;-21,13;-51,1;MIRANDOPOLIS - SP;MIRANDOPOLIS;SP;151487,592862335
5067;-22,29;-51,9;MIRANTE DO PARANAPANEMA - SP;MIRANTE DO PARANAPANEMA;SP;98142,833867234
5068;-20,81;-49,52;MIRASSOL - SP;MIRASSOL;SP;298337,803700992
5069;-20,61;-49,46;MIRASSOLANDIA - SP;MIRASSOLANDIA;SP;20572,8338085421
5070;-21,46;-47;MOCOCA - SP;MOCOCA;SP;437443,502230223
5071;-22,37;-46,94;MOGII-GUACU - SP;MOGII-GUACU;SP;704624,326769647
5072;-23,52;-46,18;MOJI DAS CRUZES - SP;MOJI DAS CRUZES;SP;2121308,5938529
5073;-22,43;-46,95;MOJI-MIRIM - SP;MOJI-MIRIM;SP;507125,308400804
5074;-22,92;-47,56;MOMBUCA - SP;MOMBUCA;SP;18620,7542665962
5075;-20,85;-50,09;MONCOES - SP;MONCOES;SP;12448,761325497
5076;-24,08;-46,62;MONGAGUA - SP;MONGAGUA;SP;178569,761584976
5077;-22,68;-46,68;MONTE ALEGRE DO SUL - SP;MONTE ALEGRE DO SUL;SP;41723,9389839107
5078;-21,26;-48,49;MONTE ALTO - SP;MONTE ALTO;SP;286327,133306719
5079;-20,77;-49,71;MONTE APRAZIVEL - SP;MONTE APRAZIVEL;SP;112835,798213816
5080;-20,9;-48,64;MONTE AZUL PAULISTA - SP;MONTE AZUL PAULISTA;SP;116600,196256697
5081;-21,29;-51,56;MONTE CASTELO - SP;MONTE CASTELO;SP;25709,3550190882
5082;-22,94;-47,31;MONTE MOR - SP;MONTE MOR;SP;206265,862511488
5083;-22,95;-45,84;MONTEIRO LOBATO - SP;MONTEIRO LOBATO;SP;22286,3011574003
5084;-20,73;-48,05;MORRO AGUDO - SP;MORRO AGUDO;SP;155610,241324986
5085;-22,88;-46,79;MORUNGABA - SP;MORUNGABA;SP;65180,6687003734
5086;-21,5;-48,15;MOTUCA - SP;MOTUCA;SP;24966,1514296254
5087;-20,99;-51,27;MURUTINGA DO SUL - SP;MURUTINGA DO SUL;SP;23885,9963323977
5088;-22,62;-51,23;NANTES - SP;NANTES;SP;14592,1136770473
5089;-22,4;-51,52;NARANDIBA - SP;NARANDIBA;SP;23389,0047389949
5090;-23,37;-45,44;NATIVIDADE DA SERRA - SP;NATIVIDADE DA SERRA;SP;42857,422012947
5091;-23,18;-46,39;NAZARE PAULISTA - SP;NAZARE PAULISTA;SP;73641,880456224
5092;-20,84;-49,63;NEVES PAULISTA - SP;NEVES PAULISTA;SP;57545,8961624698
5093;-20,69;-50,03;NHANDEARA - SP;NHANDEARA;SP;63746,4411404146
5094;-20,91;-49,77;NIPOA - SP;NIPOA;SP;20130,033684026
5095;-21,01;-49,49;NOVA ALIANCA - SP;NOVA ALIANCA;SP;27723,7416150037
5096;-24,12;-48,9;NOVA CAMPINA - SP;NOVA CAMPINA;SP;35634,9584795748
5097;-20,38;-50,94;NOVA CANAA PAULISTA - SP;NOVA CANAA PAULISTA;SP;15474,1430476426
5098;-20,76;-50,34;NOVA CASTILHO - SP;NOVA CASTILHO;SP;6575,36631684319
5099;-21,77;-48,56;NOVA EUROPA - SP;NOVA EUROPA;SP;43570,1152574184
5100;-20,53;-49,31;NOVA GRANADA - SP;NOVA GRANADA;SP;111559,387457928
5101;-21,33;-51,64;NOVA GUATAPORANGA - SP;NOVA GUATAPORANGA;SP;12846,7224737105
5102;-21,1;-51,49;NOVA INDEPENDENCIA - SP;NOVA INDEPENDENCIA;SP;13635,7178146506
5103;-20,85;-50,26;NOVA LUZITANIA - SP;NOVA LUZITANIA;SP;17552,3437006416
5104;-22,77;-47,29;NOVA ODESSA - SP;NOVA ODESSA;SP;238409,226682463
5105;-20,99;-48,91;NOVAIS - SP;NOVAIS;SP;22460,2388556616
5106;-21,46;-49,22;NOVO HORIZONTE - SP;NOVO HORIZONTE;SP;193939,494654499
5107;-20,73;-47,73;NUPORANGA - SP;NUPORANGA;SP;40270,9658571733
5108;-22,43;-49,92;OCAUCU - SP;OCAUCU;SP;30449,1385197636
5109;-22,94;-49,34;OLEO - SP;OLEO;SP;17498,6809632468
5110;-20,73;-48,91;OLIMPIA - SP;OLIMPIA;SP;279775,875022718
5111;-20,6;-49,29;ONDA VERDE - SP;ONDA VERDE;SP;19315,9759447691
5112;-22,15;-50,09;ORIENTE - SP;ORIENTE;SP;40185,0773627158
5113;-20,18;-49,35;ORINDIUVA - SP;ORINDIUVA;SP;24539,4879261912
5114;-20,72;-47,88;ORLANDIA - SP;ORLANDIA;SP;212444,976258655
5115;-23,53;-46,79;OSASCO - SP;OSASCO;SP;622912
5116;-22,31;-50,28;OSCAR BRESSANE - SP;OSCAR BRESSANE;SP;15846,4201506366
5117;-21,79;-50,87;OSVALDO CRUZ - SP;OSVALDO CRUZ;SP;198929,062673674
5118;-22,97;-49,87;OURINHOS - SP;OURINHOS;SP;602949,415776062
5119;-21,48;-51,7;OURO VERDE - SP;OURO VERDE;SP;44614,8140608732
5120;-20;-50,37;OUROESTE - SP;OUROESTE;SP;37222,1514997507
5121;-21,56;-51,26;PACAEMBU - SP;PACAEMBU;SP;79407,8746046432
5122;-20,39;-49,43;PALESTINA - SP;PALESTINA;SP;60532,4772010189
5123;-21,08;-48,8;PALMARES PAULISTA - SP;PALMARES PAULISTA;SP;60861,1193979728
5124;-20,41;-50,76;PALMEIRA D'OESTE - SP;PALMEIRA D'OESTE;SP;67131,5070417123
5125;-22,78;-50,21;PALMITAL - SP;PALMITAL;SP;135864,331489439
5126;-21,35;-51,86;PANORAMA - SP;PANORAMA;SP;87788,1265792829
5127;-22,41;-50,57;PARAGUACU PAULISTA - SP;PARAGUACU PAULISTA;SP;228148,917029708
5128;-23,38;-45,66;PARAIBUNA - SP;PARAIBUNA;SP;91133,7842393115
5129;-21,01;-48,77;PARAISO - SP;PARAISO;SP;37635,0329514784
5130;-23,38;-48,72;PARANAPANEMA - SP;PARANAPANEMA;SP;82296,3491581062
5131;-20,1;-50,58;PARANAPUA - SP;PARANAPUA;SP;25863,9420417421
5132;-21,78;-50,79;PARAPUA - SP;PARAPUA;SP;69878,8433074279
5133;-23,08;-48,37;PARDINHO - SP;PARDINHO;SP;25124,8547404025
5134;-24,71;-47,88;PARIQUERA-ACU - SP;PARIQUERA-ACU;SP;98308,2328821749
5135;-20,3;-50,01;PARISI - SP;PARISI;SP;9952,45519619431
5136;-20,63;-47,28;PATROCINIO PAULISTA - SP;PATROCINIO PAULISTA;SP;73174,9053197009
5137;-21,31;-51,83;PAULICEIA - SP;PAULICEIA;SP;28251,8455830243
5138;-22,76;-47,15;PAULINIA - SP;PAULINIA;SP;273145,610159535
5139;-22,57;-49,4;PAULISTANIA - SP;PAULISTANIA;SP;10327,0767047322
5140;-20,03;-49,38;PAULO DE FARIA - SP;PAULO DE FARIA;SP;57066,3936761393
5141;-22,35;-48,77;PEDERNEIRAS - SP;PEDERNEIRAS;SP;232071,282155841
5142;-22,79;-46,44;PEDRA BELA - SP;PEDRA BELA;SP;31515,0536947959
5143;-20,24;-50,11;PEDRANOPOLIS - SP;PEDRANOPOLIS;SP;18584,8944415826
5144;-20,25;-47,47;PEDREGULHO - SP;PEDREGULHO;SP;93717,4545928253
5145;-22,74;-46,9;PEDREIRA - SP;PEDREIRA;SP;207677,042785936
5146;-22,81;-50,79;PEDRINHAS PAULISTA - SP;PEDRINHAS PAULISTA;SP;17947,5208337861
5147;-24,27;-47,23;PEDRO DE TOLEDO - SP;PEDRO DE TOLEDO;SP;53501,2893583726
5148;-21,42;-50,07;PENAPOLIS - SP;PENAPOLIS;SP;343682,005318232
5149;-20,63;-51,1;PEREIRA BARRETO - SP;PEREIRA BARRETO;SP;164050,995788461
5150;-23,07;-47,97;PEREIRAS - SP;PEREIRAS;SP;36820,7777097316
5151;-24,32;-46,99;PERUIBE - SP;PERUIBE;SP;286015,45815936
5152;-21,59;-50,59;PIACATU - SP;PIACATU;SP;29970,4567128829
5153;-23,71;-47,42;PIEDADE - SP;PIEDADE;SP;262055,222321815
5154;-23,81;-47,71;PILAR DO SUL - SP;PILAR DO SUL;SP;150166,468392728
5155;-22,92;-45,46;PINDAMONHANGABA - SP;PINDAMONHANGABA;SP;730943,13652665
5156;-21,18;-48,9;PINDORAMA - SP;PINDORAMA;SP;82091,7011958423
5157;-22,77;-46,59;PINHALZINHO - SP;PINHALZINHO;SP;63785,3473149187
5158;-21,86;-51,72;PIQUEROBI - SP;PIQUEROBI;SP;22247,5543765757
5159;-22,61;-45,17;PIQUETE - SP;PIQUETE;SP;105568,363952828
5160;-23,05;-46,35;PIRACAIA - SP;PIRACAIA;SP;132463,695219196
5161;-22,72;-47,64;PIRACICABA - SP;PIRACICABA;SP;1855825,78586868
5162;-23,19;-49,38;PIRAJU - SP;PIRAJU;SP;166674,425957507
5163;-21,99;-49,45;PIRAJUI - SP;PIRAJUI;SP;110377,353928269
5164;-21,09;-48,65;PIRANGI - SP;PIRANGI;SP;63417,3525341641
5165;-23,39;-47;PIRAPORA DO BOM JESUS - SP;PIRAPORA DO BOM JESUS;SP;63513,7441513513
5166;-22,27;-51,5;PIRAPOZINHO - SP;PIRAPOZINHO;SP;145289,99194572
5167;-21,99;-47,42;PIRASSUNUNGA - SP;PIRASSUNUNGA;SP;382448,345428276
5168;-22,41;-49,13;PIRATININGA - SP;PIRATININGA;SP;66211,3908366541
5169;-21;-48,22;PITANGUEIRAS - SP;PITANGUEIRAS;SP;181675,321393119
5170;-21,03;-49,92;PLANALTO - SP;PLANALTO;SP;22144,1992524724
5171;-22,63;-50,2;PLATINA - SP;PLATINA;SP;18230,7235067298
5172;-23,52;-46,34;POA - SP;POA;SP;545325,936793616
5173;-20,78;-49,82;POLONI - SP;POLONI;SP;28441,5274228561
5174;-22,1;-50,17;POMPEIA - SP;POMPEIA;SP;117456,052559174
5175;-21,73;-49,36;PONGAI - SP;PONGAI;SP;22359,9212217516
5176;-21,02;-48,03;PONTAL - SP;PONTAL;SP;187845,049103293
5177;-20,44;-50,52;PONTALINDA - SP;PONTALINDA;SP;20452,1612565356
5178;-20,16;-49,7;PONTES GESTAL - SP;PONTES GESTAL;SP;17766,9628403587
5179;-19,95;-50,53;POPULINA - SP;POPULINA;SP;30551,7557325161
5180;-23,17;-48,12;PORANGABA - SP;PORANGABA;SP;35851,2045472676
5181;-23,21;-47,52;PORTO FELIZ - SP;PORTO FELIZ;SP;260813,273984832
5182;-21,85;-47,47;PORTO FERREIRA - SP;PORTO FERREIRA;SP;300434,299251738
5183;-22,84;-45,25;POTIM - SP;POTIM;SP;79565,04754835
5184;-21,04;-49,37;POTIRENDABA - SP;POTIRENDABA;SP;81294,4978944198
5185;-21,85;-51,08;PRACINHA - SP;PRACINHA;SP;8560,89867652012
5186;-21,35;-48,06;PRADOPOLIS - SP;PRADOPOLIS;SP;75643,7668358989
5187;-24;-46,4;PRAIA GRANDE - SP;PRAIA GRANDE;SP;912415,192355826
5188;-22,8;-48,66;PRATANIA - SP;PRATANIA;SP;24188,0699726144
5189;-22,1;-49,43;PRESIDENTE ALVES - SP;PRESIDENTE ALVES;SP;25458,3654293198
5190;-22;-51,55;PRESIDENTE BERNARDES - SP;PRESIDENTE BERNARDES;SP;73357,9082581335
5191;-21,76;-52,11;PRESIDENTE EPITACIO - SP;PRESIDENTE EPITACIO;SP;222778,260656695
5192;-22,12;-51,38;PRESIDENTE PRUDENTE - SP;PRESIDENTE PRUDENTE;SP;1088105,75984277
5193;-21,87;-51,84;PRESIDENTE VENCESLAU - SP;PRESIDENTE VENCESLAU;SP;233623,119288377
5194;-21,53;-49,85;PROMISSAO - SP;PROMISSAO;SP;192451,396369952
5195;-23,29;-48,05;QUADRA - SP;QUADRA;SP;14358,3697570179
5196;-22,24;-50,69;QUATA - SP;QUATA;SP;84334,6567263199
5197;-21,79;-50,24;QUEIROZ - SP;QUEIROZ;SP;14494,3459297636
5198;-22,53;-44,77;QUELUZ - SP;QUELUZ;SP;56892,9500571084
5199;-22,07;-50,3;QUINTANA - SP;QUINTANA;SP;32566,3239468972
5200;-23,01;-47,52;RAFARD - SP;RAFARD;SP;55497,3127821375
5201;-22,22;-50,89;RANCHARIA - SP;RANCHARIA;SP;170442,850042708
5202;-23,26;-45,53;REDENCAO DA SERRA - SP;REDENCAO DA SERRA;SP;24429,0196482549
5203;-22,22;-51,3;REGENTE FEIJO - SP;REGENTE FEIJO;SP;108220,0825803
5204;-21,88;-49,22;REGINOPOLIS - SP;REGINOPOLIS;SP;33092,1307697386
5205;-24,48;-47,84;REGISTRO - SP;REGISTRO;SP;342595,268650349
5206;-20,6;-47,48;RESTINGA - SP;RESTINGA;SP;31151,5024193749
5207;-24,65;-49;RIBEIRA - SP;RIBEIRA;SP;26464,4495310657
5208;-22,06;-48,17;RIBEIRAO BONITO - SP;RIBEIRAO BONITO;SP;73844,7372328367
5209;-24,22;-48,76;RIBEIRAO BRANCO - SP;RIBEIRAO BRANCO;SP;127943,303687663
5210;-20,45;-47,59;RIBEIRAO CORRENTE - SP;RIBEIRAO CORRENTE;SP;21611,9284444358
5211;-22,78;-49,93;RIBEIRAO DO SUL - SP;RIBEIRAO DO SUL;SP;29150,5935335374
5212;-21,83;-51,6;RIBEIRAO DOS INDIOS - SP;RIBEIRAO DOS INDIOS;SP;13154,5341562466
5213;-24,09;-48,36;RIBEIRAO GRANDE - SP;RIBEIRAO GRANDE;SP;46493,4021085979
5214;-23,71;-46,41;RIBEIRAO PIRES - SP;RIBEIRAO PIRES;SP;636118,787408475
5215;-21,17;-47,81;RIBEIRAO PRETO - SP;RIBEIRAO PRETO;SP;456252
5216;-20,08;-47,42;RIFAINA - SP;RIFAINA;SP;22211,5442942237
5217;-21,58;-48,07;RINCAO - SP;RINCAO;SP;68468,1468316486
5218;-21,72;-50,72;RINOPOLIS - SP;RINOPOLIS;SP;64451,2496262558
5219;-22,41;-47,56;RIO CLARO - SP;RIO CLARO;SP;1028733,41355123
5220;-22,84;-47,6;RIO DAS PEDRAS - SP;RIO DAS PEDRAS;SP;154277,982498238
5221;-23,74;-46,39;RIO GRANDE DA SERRA - SP;RIO GRANDE DA SERRA;SP;242876,183658976
5222;-19,99;-49,68;RIOLANDIA - SP;RIOLANDIA;SP;51298,0285478179
5223;-23,82;-49,42;RIVERSUL - SP;RIVERSUL;SP;52328,5377156767
5224;-22,58;-53,05;ROSANA - SP;ROSANA;SP;149412,889770475
5225;-22,89;-45,3;ROSEIRA - SP;ROSEIRA;SP;44785,4592455052
5226;-21,3;-50,72;RUBIACEA - SP;RUBIACEA;SP;16754,5351431296
5227;-20,17;-51;RUBINEIA - SP;RUBINEIA;SP;15603,6321153703
5228;-21,46;-49,57;SABINO - SP;SABINO;SP;32485,6546788436
5229;-21,88;-50,95;SAGRES - SP;SAGRES;SP;15525,2042305499
5230;-21,34;-49,48;SALES - SP;SALES;SP;24882,6983709239
5231;-20,77;-47,83;SALES OLIVEIRA - SP;SALES OLIVEIRA;SP;54057,9416922223
5232;-23,53;-45,84;SALESOPOLIS - SP;SALESOPOLIS;SP;92505,9620148763
5233;-21,62;-50,86;SALMOURAO - SP;SALMOURAO;SP;31118,9181812675
5234;-22,84;-47,67;SALTINHO - SP;SALTINHO;SP;35652,6463132986
5235;-23,2;-47,28;SALTO - SP;SALTO;SP;522364,671455343
5236;-23,64;-47,57;SALTO DE PIRAPORA - SP;SALTO DE PIRAPORA;SP;194785,375828096
5237;-22,89;-49,98;SALTO GRANDE - SP;SALTO GRANDE;SP;46542,0678372123
5238;-22,45;-51,76;SANDOVALINA - SP;SANDOVALINA;SP;16524,6737810268
5239;-21,24;-48,8;SANTA ADELIA - SP;SANTA ADELIA;SP;79198,9248251253
5240;-20,03;-50,72;SANTA ALBERTINA - SP;SANTA ALBERTINA;SP;38100,5313313031
5241;-22,75;-47,41;SANTA BARBARA D'OESTE - SP;SANTA BARBARA D'OESTE;SP;986822,413935226
5242;-23,39;-45,88;SANTA BRANCA - SP;SANTA BRANCA;SP;135375,903296478
5243;-20,08;-50,95;SANTA CLARA D'OESTE - SP;SANTA CLARA D'OESTE;SP;15255,7489550996
5244;-22,14;-47,45;SANTA CRUZ DA CONCEICAO - SP;SANTA CRUZ DA CONCEICAO;SP;20806,9207787951
5245;-21,29;-47,43;SANTA CRUZ DA ESPERANCA - SP;SANTA CRUZ DA ESPERANCA;SP;11943,4669747143
5246;-21,82;-47,24;SANTA CRUZ DAS PALMEIRAS - SP;SANTA CRUZ DAS PALMEIRAS;SP;166853,809045742
5247;-22,89;-49,63;SANTA CRUZ DO RIO PARDO - SP;SANTA CRUZ DO RIO PARDO;SP;245798,820271821
5248;-21,46;-48,39;SANTA ERNESTINA - SP;SANTA ERNESTINA;SP;34436,5662948643
5249;-20,21;-50,92;SANTA FE DO SUL - SP;SANTA FE DO SUL;SP;166471,047146468
5250;-22,45;-47,53;SANTA GERTRUDES - SP;SANTA GERTRUDES;SP;84135,8861546413
5251;-23,31;-46,22;SANTA ISABEL - SP;SANTA ISABEL;SP;288279,250141025
5252;-21,68;-48,08;SANTA LUCIA - SP;SANTA LUCIA;SP;51138,1189495075
5253;-22,56;-48,16;SANTA MARIA DA SERRA - SP;SANTA MARIA DA SERRA;SP;29083,8710593687
5254;-21,35;-51,75;SANTA MERCEDES - SP;SANTA MERCEDES;SP;17636,0336834514
5255;-21,71;-47,47;SANTA RITA DO PASSA QUATRO - SP;SANTA RITA DO PASSA QUATRO;SP;19678,4533454789
5256;-20,14;-50,83;SANTA RITA D'OESTE - SP;SANTA RITA D'OESTE;SP;165240,761372105
5257;-21,47;-47,36;SANTA ROSA DE VITERBO - SP;SANTA ROSA DE VITERBO;SP;134310,172854958
5258;-20,24;-50,68;SANTA SALETE - SP;SANTA SALETE;SP;8977,50989376242
5259;-20,25;-50,79;SANTANA DA PONTE PENSA - SP;SANTANA DA PONTE PENSA;SP;13668,0106173484
5260;-23,44;-46,91;SANTANA DE PARNAIBA - SP;SANTANA DE PARNAIBA;SP;346537,364056698
5261;-21,97;-51,65;SANTO ANASTACIO - SP;SANTO ANASTACIO;SP;127961,485405687
5262;-23,66;-46,53;SANTO ANDRE - SP;SANTO ANDRE;SP;625564
5263;-21,08;-47,15;SANTO ANTONIO DA ALEGRIA - SP;SANTO ANTONIO DA ALEGRIA;SP;34696,0092445482
5264;-22,6;-46,91;SANTO ANTONIO DE POSSE - SP;SANTO ANTONIO DE POSSE;SP;90142,4834762038
5265;-20,93;-50,49;SANTO ANTONIO DO ARACANGUA - SP;SANTO ANTONIO DO ARACANGUA;SP;41788,4697709554
5266;-22,11;-46,68;SANTO ANTONIO DO JARDIM - SP;SANTO ANTONIO DO JARDIM;SP;37676,6148912596
5267;-22,82;-45,66;SANTO ANTONIO DO PINHAL - SP;SANTO ANTONIO DO PINHAL;SP;38255,3561255814
5268;-21,85;-51,39;SANTO EXPEDITO - SP;SANTO EXPEDITO;SP;14047,1094100542
5269;-21,63;-50,5;SANTOPOLIS DO AGUAPEI - SP;SANTOPOLIS DO AGUAPEI;SP;22946,7312212072
5270;-23,96;-46,33;SANTOS - SP;SANTOS;SP;412243
5271;-22,68;-45,73;SAO BENTO DO SAPUCAI - SP;SAO BENTO DO SAPUCAI;SP;62677,9281295696
5272;-23,69;-46,56;SAO BERNARDO DO CAMPO - SP;SAO BERNARDO DO CAMPO;SP;660396
5273;-23,62;-46,55;SAO CAETANO DO SUL - SP;SAO CAETANO DO SUL;SP;862139,29664069
5274;-22,01;-47,89;SAO CARLOS - SP;SAO CARLOS;SP;1142747,49064914
5275;-20,35;-50,69;SAO FRANCISCO - SP;SAO FRANCISCO;SP;17348,201068029
5276;-21,96;-46,79;SAO JOAO DA BOA VISTA - SP;SAO JOAO DA BOA VISTA;SP;487623,158910734
5277;-20,38;-50,37;SAO JOAO DAS DUAS PONTES - SP;SAO JOAO DAS DUAS PONTES;SP;15976,5303579173
5278;-20,51;-50,35;SAO JOAO DE IRACEMA - SP;SAO JOAO DE IRACEMA;SP;8970,37350974546
5279;-21,26;-51,66;SAO JOAO DO PAU D'ALHO - SP;SAO JOAO DO PAU D'ALHO;SP;14494,0204257532
5280;-20,58;-47,85;SAO JOAQUIM DA BARRA - SP;SAO JOAQUIM DA BARRA;SP;267555,464624921
5281;-20,59;-47,64;SAO JOSE DA BELA VISTA - SP;SAO JOSE DA BELA VISTA;SP;49671,0401198822
5282;-22,64;-44,57;SAO JOSE DO BARREIRO - SP;SAO JOSE DO BARREIRO;SP;27841,015346766
5283;-21,59;-46,88;SAO JOSE DO RIO PARDO - SP;SAO JOSE DO RIO PARDO;SP;328365,002203775
5284;-20,82;-49,37;SAO JOSE DO RIO PRETO - SP;SAO JOSE DO RIO PRETO;SP;2146704,24032662
5285;-23,17;-45,88;SAO JOSE DOS CAMPOS - SP;SAO JOSE DOS CAMPOS;SP;486467
5286;-23,85;-46,94;SAO LOURENCO DA SERRA - SP;SAO LOURENCO DA SERRA;SP;65118,2621802355
5287;-23,22;-45,31;SAO LUIS DO PARAITINGA - SP;SAO LUIS DO PARAITINGA;SP;61826,797518804
5288;-22,73;-48,57;SAO MANUEL - SP;SAO MANUEL;SP;233516,762066525
5289;-23,87;-47,99;SAO MIGUEL ARCANJO - SP;SAO MIGUEL ARCANJO;SP;176066,046972921
5290;-23,54;-46,63;SAO PAULO - SP;SAO PAULO;SP;9839436
5291;-22,54;-47,91;SAO PEDRO - SP;SAO PEDRO;SP;150701,217318182
5292;-22,74;-49,74;SAO PEDRO DO TURVO - SP;SAO PEDRO DO TURVO;SP;40318,1467108835
5293;-23,52;-47,13;SAO ROQUE - SP;SAO ROQUE;SP;373727,259493738
5294;-23,76;-45,41;SAO SEBASTIAO - SP;SAO SEBASTIAO;SP;266490,759397166
5295;-21,71;-46,82;SAO SEBASTIAO DA GRAMA - SP;SAO SEBASTIAO DA GRAMA;SP;69701,6753918493
5296;-21,47;-47,55;SAO SIMAO - SP;SAO SIMAO;SP;83385,7044117541
5297;-23,96;-46,39;SAO VICENTE - SP;SAO VICENTE;SP;1817368,43029235
5298;-23,64;-47,82;SARAPUI - SP;SARAPUI;SP;48096,8945031258
5299;-23,27;-49,48;SARUTAIA - SP;SARUTAIA;SP;21089,0953290948
5300;-20,65;-49,92;SEBASTIANOPOLIS DO SUL - SP;SEBASTIANOPOLIS DO SUL;SP;15260,2285952207
5301;-21,31;-47,56;SERRA AZUL - SP;SERRA AZUL;SP;44165,7870198151
5302;-22,61;-46,7;SERRA NEGRA - SP;SERRA NEGRA;SP;154850,150245102
5303;-21,21;-47,59;SERRANA - SP;SERRANA;SP;178719,828752945
5304;-21,13;-47,99;SERTAOZINHO - SP;SERTAOZINHO;SP;581170,121039739
5305;-24,38;-47,92;SETE BARRAS - SP;SETE BARRAS;SP;84985,0875589154
5306;-20,8;-48,8;SEVERINIA - SP;SEVERINIA;SP;81050,4091481202
5307;-22,66;-44,85;SILVEIRAS - SP;SILVEIRAS;SP;31853,3137535428
5308;-22,59;-46,52;SOCORRO - SP;SOCORRO;SP;199141,554897652
5309;-23,5;-47,45;SOROCABA - SP;SOROCABA;SP;431561
5310;-20,69;-50,92;SUD MENUCCI - SP;SUD MENUCCI;SP;47897,3622754145
5311;-22,82;-47,26;SUMARE - SP;SUMARE;SP;1091131,12776467
5312;-20,5;-51,02;SUZANAPOLIS - SP;SUZANAPOLIS;SP;18521,2201899884
5313;-23,54;-46,31;SUZANO - SP;SUZANO;SP;1259002,57393704
5314;-20,96;-49,03;TABAPUA - SP;TABAPUA;SP;62635,621120242
5315;-21,71;-48,68;TABATINGA - SP;TABATINGA;SP;84128,8687658653
5316;-23,6;-46,75;TABOAO DA SERRA - SP;TABOAO DA SERRA;SP;1190384,24121053
5317;-22,39;-51,28;TACIBA - SP;TACIBA;SP;33589,6075549346
5318;-23,45;-49,4;TAGUAI - SP;TAGUAI;SP;46167,9035981166
5319;-21,14;-48,51;TAIACU - SP;TAIACU;SP;36830,4702988849
5320;-21,12;-48,45;TAIUVA - SP;TAIUVA;SP;35869,5651332844
5321;-21,7;-47,27;TAMBAU - SP;TAMBAU;SP;130671,663391464
5322;-20,62;-49,64;TANABI - SP;TANABI;SP;149562,468498893
5323;-23,96;-47,5;TAPIRAI - SP;TAPIRAI;SP;44247,1164597637
5324;-21,46;-46,74;TAPIRATIBA - SP;TAPIRATIBA;SP;78627,6585828421
5325;-21,07;-48,41;TAQUARAL - SP;TAQUARAL;SP;17556,8695509898
5326;-21,4;-48,5;TAQUARITINGA - SP;TAQUARITINGA;SP;324945,452332199
5327;-23,53;-49,24;TAQUARITUBA - SP;TAQUARITUBA;SP;138695,720506878
5328;-23,92;-48,69;TAQUARIVAI - SP;TAQUARIVAI;SP;22035,4651720561
5329;-22,3;-51,55;TARABAI - SP;TARABAI;SP;37734,7228461478
5330;-22,74;-50,57;TARUMA - SP;TARUMA;SP;64875,3461402495
5331;-23,35;-47,85;TATUI - SP;TATUI;SP;546725,493931561
5332;-23,02;-45,55;TAUBATE - SP;TAUBATE;SP;1331390,15170767
5333;-23,34;-49,37;TEJUPA - SP;TEJUPA;SP;30920,6194637498
5334;-22,53;-52,16;TEODORO SAMPAIO - SP;TEODORO SAMPAIO;SP;123726,668862509
5335;-20,78;-48,33;TERRA ROXA - SP;TERRA ROXA;SP;49425,3428347077
5336;-23,1;-47,71;TIETE - SP;TIETE;SP;171419,907785322
5337;-23,2;-49,6;TIMBURI - SP;TIMBURI;SP;18889,0619629427
5338;-23,24;-48,19;TORRE DE PEDRA - SP;TORRE DE PEDRA;SP;10149,9855137304
5339;-22,42;-48,16;TORRINHA - SP;TORRINHA;SP;55754,1635785984
5340;-22,04;-48,33;TRABIJU - SP;TRABIJU;SP;8527,09685435248
5341;-22,95;-45,54;TREMEMBE - SP;TREMEMBE;SP;202138,810336018
5342;-20,23;-50,89;TRES FRONTEIRAS - SP;TRES FRONTEIRAS;SP;32064,8810658891
5343;-22,81;-46,69;TUIUTI - SP;TUIUTI;SP;30077,6770403
5344;-21,93;-50,51;TUPA - SP;TUPA;SP;416408,42307669
5345;-21,38;-51,57;TUPI PAULISTA - SP;TUPI PAULISTA;SP;81936,6205348788
5346;-20,93;-50,1;TURIUBA - SP;TURIUBA;SP;12173,3752830102
5347;-20,05;-50,47;TURMALINA - SP;TURMALINA;SP;17102,4315649256
5348;-21,16;-49,71;UBARANA - SP;UBARANA;SP;23572,0233320697
5349;-23,43;-45,07;UBATUBA - SP;UBATUBA;SP;355241,099640951
5350;-22,52;-49,66;UBIRAJARA - SP;UBIRAJARA;SP;22335,5309013962
5351;-20,95;-49,17;UCHOA - SP;UCHOA;SP;58241,2863279751
5352;-20,88;-49,89;UNIAO PAULISTA - SP;UNIAO PAULISTA;SP;8371,01331736056
5353;-20,24;-50,64;URANIA - SP;URANIA;SP;59001,9370039552
5354;-21,78;-49,28;URU - SP;URU;SP;9262,47895886607
5355;-21,2;-49,29;URUPES - SP;URUPES;SP;72424,3424220391
5356;-20,42;-50,08;VALENTIM GENTIL - SP;VALENTIM GENTIL;SP;42128,3776532168
5357;-22,97;-46,99;VALINHOS - SP;VALINHOS;SP;484462,90190716
5358;-21,22;-50,86;VALPARAISO - SP;VALPARAISO;SP;107379,117091438
5359;-22,88;-46,41;VARGEM - SP;VARGEM;SP;40754,4168679699
5360;-21,83;-46,89;VARGEM GRANDE DO SUL - SP;VARGEM GRANDE DO SUL;SP;223369,566959269
5361;-23,6;-47,02;VARGEM GRANDE PAULISTA - SP;VARGEM GRANDE PAULISTA;SP;174666,993933326
5362;-23,21;-46,82;VARZEA PAULISTA - SP;VARZEA PAULISTA;SP;474164,445151361
5363;-22,22;-49,81;VERA CRUZ - SP;VERA CRUZ;SP;70075,3302028983
5364;-23,03;-46,97;VINHEDO - SP;VINHEDO;SP;264946,148466909
5365;-20,87;-48,29;VIRADOURO - SP;VIRADOURO;SP;91939,1905348177
5366;-21,17;-48,62;VISTA ALEGRE DO ALTO - SP;VISTA ALEGRE DO ALTO;SP;25549,8728009508
5367;-20,19;-50,48;VITORIA BRASIL - SP;VITORIA BRASIL;SP;9508,60445819386
5368;-23,54;-47,43;VOTORANTIM - SP;VOTORANTIM;SP;572462,707851832
5369;-20,42;-49,97;VOTUPORANGA - SP;VOTUPORANGA;SP;481775,593436013
5370;-21,05;-50,05;ZACARIAS - SP;ZACARIAS;SP;10783,3800892116
5371;-9,62;-49,15;ABREULANDIA - TO;ABREULANDIA;TO;12374,1782241153
5372;-6,56;-47,46;AGUIARNOPOLIS - TO;AGUIARNOPOLIS;TO;16771,8329630949
5373;-11,3;-48,93;ALIANCA DO TOCANTINS - TO;ALIANCA DO TOCANTINS;TO;36934,4160303971
5374;-11,57;-47,17;ALMAS - TO;ALMAS;TO;52434,9091044324
5375;-12,48;-49,12;ALVORADA - TO;ALVORADA;TO;56143,1213991657
5376;-6,36;-48,07;ANANAS - TO;ANANAS;TO;62212,3505749026
5377;-6,39;-47,86;ANGICO - TO;ANGICO;TO;18314,3919646338
5378;-9,95;-47,97;APARECIDA DO RIO NEGRO - TO;APARECIDA DO RIO NEGRO;TO;24608,2457760584
5379;-7,16;-48,52;ARAGOMINAS - TO;ARAGOMINAS;TO;22329,0219457196
5380;-8,8;-49,55;ARAGUACEMA - TO;ARAGUACEMA;TO;29497,1584248479
5381;-12,93;-49,82;ARAGUACU - TO;ARAGUACU;TO;67172,6349028299
5382;-7,19;-48,2;ARAGUAINA - TO;ARAGUAINA;TO;692555,641564842
5383;-6,58;-48,64;ARAGUANA - TO;ARAGUANA;TO;20611,033727102
5384;-5,65;-48,12;ARAGUATINS - TO;ARAGUATINS;TO;140133,475289886
5385;-7,65;-49,06;ARAPOEMA - TO;ARAPOEMA;TO;40590,3713541938
5386;-12,93;-46,93;ARRAIAS - TO;ARRAIAS;TO;75950,6231471134
5387;-5,46;-47,88;AUGUSTINOPOLIS - TO;AUGUSTINOPOLIS;TO;90761,0036270628
5388;-12,71;-46,4;AURORA DO TOCANTINS - TO;AURORA DO TOCANTINS;TO;21318,2899534961
5389;-5,61;-47,76;AXIXA DO TOCANTINS - TO;AXIXA DO TOCANTINS;TO;66701,2552220805
5390;-7,2;-47,75;BABACULANDIA - TO;BABACULANDIA;TO;52913,1700809818
5391;-7,75;-48,58;BANDEIRANTES DO TOCANTINS - TO;BANDEIRANTES DO TOCANTINS;TO;14745,619095733
5392;-7,68;-47,68;BARRA DO OURO - TO;BARRA DO OURO;TO;21791,3032065931
5393;-9,83;-48,72;BARROLANDIA - TO;BARROLANDIA;TO;32915,0365382126
5394;-7,87;-48,88;BERNARDO SAYAO - TO;BERNARDO SAYAO;TO;28085,1337208498
5395;-8,96;-48,16;BOM JESUS DO TOCANTINS - TO;BOM JESUS DO TOCANTINS;TO;14866,9989406909
5396;-8,38;-48,48;BRASILANDIA DO TOCANTINS - TO;BRASILANDIA DO TOCANTINS;TO;11709,5222339733
5397;-11;-48,56;BREJINHO DE NAZARE - TO;BREJINHO DE NAZARE;TO;32150,0166757405
5398;-5,31;-48,22;BURITI DO TOCANTINS - TO;BURITI DO TOCANTINS;TO;46633,3060429658
5399;-6,12;-47,92;CACHOEIRINHA - TO;CACHOEIRINHA;TO;12588,1596843914
5400;-7,99;-46,86;CAMPOS LINDOS - TO;CAMPOS LINDOS;TO;34449,4455078947
5401;-11,89;-49,16;CARIRI DO TOCANTINS - TO;CARIRI DO TOCANTINS;TO;16835,0807998665
5402;-7,03;-48,39;CARMOLANDIA - TO;CARMOLANDIA;TO;10359,4034364861
5403;-5,32;-48,03;CARRASCO BONITO - TO;CARRASCO BONITO;TO;17739,563674674
5404;-9,27;-49,95;CASEARA - TO;CASEARA;TO;23356,0205831714
5405;-8,95;-47,33;CENTENARIO - TO;CENTENARIO;TO;15304,6520435011
5406;-11,61;-47,75;CHAPADA DA NATIVIDADE - TO;CHAPADA DA NATIVIDADE;TO;19263,7868747053
5407;-10,14;-49,14;CHAPADA DE AREIA - TO;CHAPADA DE AREIA;TO;6719,57022443141
5408;-8,05;-48,47;COLINAS DO TOCANTINS - TO;COLINAS DO TOCANTINS;TO;160145,913503942
5409;-8,72;-48,76;COLMEIA - TO;COLMEIA;TO;62792,9255602229
5410;-12,79;-46,53;COMBINADO - TO;COMBINADO;TO;31629,3204802524
5411;-12,21;-47,29;CONCEICAO DO TOCANTINS - TO;CONCEICAO DO TOCANTINS;TO;29029,5201905379
5412;-8,28;-49,24;COUTO DE MAGALHAES - TO;COUTO DE MAGALHAES;TO;26580,6811974446
5413;-10,6;-49,19;CRISTALANDIA - TO;CRISTALANDIA;TO;51390,264670728
5414;-11,1;-48,91;CRIXAS DO TOCANTINS - TO;CRIXAS DO TOCANTINS;TO;7862,42308648808
5415;-6,71;-47,76;DARCINOPOLIS - TO;DARCINOPOLIS;TO;25126,0747738775
5416;-11,62;-46,82;DIANOPOLIS - TO;DIANOPOLIS;TO;100345,684542792
5417;-9,8;-49,21;DIVINOPOLIS DO TOCANTINS - TO;DIVINOPOLIS DO TOCANTINS;TO;35030,4694850025
5418;-9,25;-49,06;DOIS IRMAOS DO TOCANTINS - TO;DOIS IRMAOS DO TOCANTINS;TO;48268,8126081012
5419;-11,34;-49,27;DUERE - TO;DUERE;TO;28152,7116485664
5420;-5,34;-48,51;ESPERANTINA - TO;ESPERANTINA;TO;35897,5651359894
5421;-10,76;-48,9;FATIMA - TO;FATIMA;TO;23874,2804039729
5422;-12,13;-49,17;FIGUEIROPOLIS - TO;FIGUEIROPOLIS;TO;37635,4461867525
5423;-7,33;-47,49;FILADELFIA - TO;FILADELFIA;TO;51813,6841104647
5424;-11,79;-49,52;FORMOSO DO ARAGUAIA - TO;FORMOSO DO ARAGUAIA;TO;125906,836774027
5425;-9,05;-48,51;FORTALEZA DO TABOCAO - TO;FORTALEZA DO TABOCAO;TO;14360,8506741057
5426;-8,77;-48,93;GOIANORTE - TO;GOIANORTE;TO;35271,078732105
5427;-7,71;-47,31;GOIATINS - TO;GOIATINS;TO;71083,409469841
5428;-8,83;-48,51;GUARAI - TO;GUARAI;TO;129408,408085879
5429;-11,72;-49,06;GURUPI - TO;GURUPI;TO;443832,390971081
5430;-11,23;-48,46;IPUEIRAS - TO;IPUEIRAS;TO;8012,16932634653
5431;-8,39;-47,76;ITACAJA - TO;ITACAJA;TO;45314,6928217725
5432;-5,76;-47,48;ITAGUATINS - TO;ITAGUATINS;TO;45335,1672106452
5433;-8,38;-48,11;ITAPIRATINS - TO;ITAPIRATINS;TO;22991,8388909547
5434;-8,57;-48,68;ITAPORA DO TOCANTINS - TO;ITAPORA DO TOCANTINS;TO;19662,1776788646
5435;-12,65;-48,59;JAU DO TOCANTINS - TO;JAU DO TOCANTINS;TO;23518,7474629378
5436;-8,11;-49,06;JUARINA - TO;JUARINA;TO;15241,6532970086
5437;-10,79;-49,62;LAGOA DA CONFUSAO - TO;LAGOA DA CONFUSAO;TO;32752,842257575
5438;-10,37;-47,55;LAGOA DO TOCANTINS - TO;LAGOA DO TOCANTINS;TO;17738,9356810785
5439;-9,75;-48,35;LAJEADO - TO;LAJEADO;TO;9272,21372349347
5440;-12,78;-46,5;LAVANDEIRA - TO;LAVANDEIRA;TO;7662,11271589167
5441;-9,59;-46,67;LIZARDA - TO;LIZARDA;TO;25853,0948749935
5442;-6,18;-47,85;LUZINOPOLIS - TO;LUZINOPOLIS;TO;10673,1904121574
5443;-9,79;-49,65;MARIANOPOLIS DO TOCANTINS - TO;MARIANOPOLIS DO TOCANTINS;TO;16553,817491351
5444;-10,54;-46,42;MATEIROS - TO;MATEIROS;TO;9628,75338230632
5445;-5,95;-47,5;MAURILANDIA DO TOCANTINS - TO;MAURILANDIA DO TOCANTINS;TO;17137,7990607301
5446;-9,56;-48,39;MIRACEMA DO TOCANTINS - TO;MIRACEMA DO TOCANTINS;TO;112810,669686546
5447;-9,52;-48,59;MIRANORTE - TO;MIRANORTE;TO;65492,9874808481
5448;-10,76;-48,1;MONTE DO CARMO - TO;MONTE DO CARMO;TO;40287,4449163675
5449;-10;-48,99;MONTE SANTO DO TOCANTINS - TO;MONTE SANTO DO TOCANTINS;TO;11046,2611100499
5450;-6,61;-47,54;MOSQUITO - TO;MOSQUITO;TO;23972,0875954238
5451;-7,14;-48,61;MURICILANDIA - TO;MURICILANDIA;TO;18420,0867160969
5452;-11,71;-47,72;NATIVIDADE - TO;NATIVIDADE;TO;58322,8127951667
5453;-6,37;-47,66;NAZARE - TO;NAZARE;TO;31184,5268354188
5454;-7,63;-48,42;NOVA OLINDA - TO;NOVA OLINDA;TO;52406,3363776098
5455;-10,56;-48,91;NOVA ROSALANDIA - TO;NOVA ROSALANDIA;TO;24832,1841559323
5456;-9,96;-47,67;NOVO ACORDO - TO;NOVO ACORDO;TO;19553,9829743933
5457;-12,93;-46,57;NOVO ALEGRE - TO;NOVO ALEGRE;TO;13863,7798685103
5458;-11,82;-46,62;NOVO JARDIM - TO;NOVO JARDIM;TO;13135,5508324835
5459;-10,7;-48,9;OLIVEIRA DE FATIMA - TO;OLIVEIRA DE FATIMA;TO;5133,29795260383
5460;-10,16;-48,33;PALMAS - TO;PALMAS;TO;533082,41192629
5461;-7,86;-47,92;PALMEIRANTE - TO;PALMEIRANTE;TO;23184,3508229264
5462;-13,04;-48,4;PALMEIROPOLIS - TO;PALMEIROPOLIS;TO;49527,5570606581
5463;-10,17;-48,86;PARAISO DO TOCANTINS - TO;PARAISO DO TOCANTINS;TO;199522,452171074
5464;-12,61;-47,88;PARANA - TO;PARANA;TO;56656,7172895621
5465;-7,54;-49,37;PAU D'ARCO - TO;PAU D'ARCO;TO;31311,73558667
5466;-8,96;-48,17;PEDRO AFONSO - TO;PEDRO AFONSO;TO;58608,7242510996
5467;-12,02;-48,53;PEIXE - TO;PEIXE;TO;52718,3364660054
5468;-8,59;-48,93;PEQUIZEIRO - TO;PEQUIZEIRO;TO;24817,5533937742
5469;-11,13;-47,57;PINDORAMA DO TOCANTINS - TO;PINDORAMA DO TOCANTINS;TO;31771,4774206909
5470;-6,77;-48,29;PIRAQUE - TO;PIRAQUE;TO;11657,2316936448
5471;-10,44;-49,18;PIUM - TO;PIUM;TO;37408,775159762
5472;-12,09;-46,47;PONTE ALTA DO BOM JESUS - TO;PONTE ALTA DO BOM JESUS;TO;29772,3941089305
5473;-10,74;-47,53;PONTE ALTA DO TOCANTINS - TO;PONTE ALTA DO TOCANTINS;TO;41994,119571013
5474;-11,6;-47,04;PORTO ALEGRE DO TOCANTINS - TO;PORTO ALEGRE DO TOCANTINS;TO;15894,3442125813
5475;-10,7;-48,41;PORTO NACIONAL - TO;PORTO NACIONAL;TO;279669,005560844
5476;-5,39;-47,81;PRAIA NORTE - TO;PRAIA NORTE;TO;35719,4156235959
5477;-8,53;-48,5;PRESIDENTE KENNEDY - TO;PRESIDENTE KENNEDY;TO;26747,7582552785
5478;-10,42;-48,89;PUGMIL - TO;PUGMIL;TO;8235,94438397879
5479;-8,72;-47,24;RECURSOLANDIA - TO;RECURSOLANDIA;TO;18981,9616422779
5480;-6,43;-48,13;RIACHINHO - TO;RIACHINHO;TO;23250,8096378705
5481;-11,4;-46,88;RIO DA CONCEICAO - TO;RIO DA CONCEICAO;TO;6612,54999124217
5482;-9,29;-48,46;RIO DOS BOIS - TO;RIO DOS BOIS;TO;13042,4443234545
5483;-9,34;-47,9;RIO SONO - TO;RIO SONO;TO;41642,211238384
5484;-5,34;-47,87;SAMPAIO - TO;SAMPAIO;TO;19802,4713767408
5485;-12,53;-49,92;SANDOLANDIA - TO;SANDOLANDIA;TO;24395,6024048599
5486;-7,15;-48,72;SANTA FE DO ARAGUAIA - TO;SANTA FE DO ARAGUAIA;TO;28266,1129888018
5487;-8,79;-47,79;SANTA MARIA DO TOCANTINS - TO;SANTA MARIA DO TOCANTINS;TO;14504,0716924715
5488;-10,86;-48,91;SANTA RITA DO TOCANTINS - TO;SANTA RITA DO TOCANTINS;TO;10916,6407910554
5489;-11,44;-48,12;SANTA ROSA DO TOCANTINS - TO;SANTA ROSA DO TOCANTINS;TO;24871,5200706213
5490;-10,28;-47,8;SANTA TEREZA DO TOCANTINS - TO;SANTA TEREZA DO TOCANTINS;TO;13031,5450125272
5491;-6,43;-47,67;SANTA TEREZINHA DO TOCANTINS - TO;SANTA TEREZINHA DO TOCANTINS;TO;14867,6369891527
5492;-5,91;-48,06;SAO BENTO DO TOCANTINS - TO;SAO BENTO DO TOCANTINS;TO;19231,5862062709
5493;-10,16;-46,65;SAO FELIX DO TOCANTINS - TO;SAO FELIX DO TOCANTINS;TO;7005,71344261357
5494;-5,55;-47,57;SAO MIGUEL DO TOCANTINS - TO;SAO MIGUEL DO TOCANTINS;TO;52294,4411458061
5495;-12,74;-48,23;SAO SALVADOR DO TOCANTINS - TO;SAO SALVADOR DO TOCANTINS;TO;14776,434062275
5496;-5,25;-48,2;SAO SEBASTIAO DO TOCANTINS - TO;SAO SEBASTIAO DO TOCANTINS;TO;24510,4771295343
5497;-11,97;-48,23;SAO VALERIO DA NATIVIDADE - TO;SAO VALERIO DA NATIVIDADE;TO;29790,1684897096
5498;-11,14;-48,16;SILVANOPOLIS - TO;SILVANOPOLIS;TO;31493,639477315
5499;-5,6;-47,63;SITIO NOVO DO TOCANTINS - TO;SITIO NOVO DO TOCANTINS;TO;62679,317322518
5500;-11,99;-48,97;SUCUPIRA - TO;SUCUPIRA;TO;7861,88738924208
5501;-12,4;-46,43;TAGUATINGA - TO;TAGUATINGA;TO;93979,7440583545
5502;-12,18;-46,98;TAIPAS DO TOCANTINS - TO;TAIPAS DO TOCANTINS;TO;11111,9909862718
5503;-12,79;-49,09;TALISMA - TO;TALISMA;TO;10789,5758342925
5504;-9,56;-48,37;TOCANTINIA - TO;TOCANTINIA;TO;31317,4697759021
5505;-6,32;-47,41;TOCANTINOPOLIS - TO;TOCANTINOPOLIS;TO;130898,962628184
5506;-8,97;-48,18;TUPIRAMA - TO;TUPIRAMA;TO;6564,61781527672
5507;-8,39;-48,11;TUPIRATINS - TO;TUPIRATINS;TO;8094,52444545042
5508;-6,84;-47,96;WANDERLANDIA - TO;WANDERLANDIA;TO;64551,1662781883
5509;-6,41;-48,53;XAMBIOA - TO;XAMBIOA;TO;77472,8938416763
